gender,SeniorCitizen,Dependents,tenure,PhoneService,MultipleLines,InternetService,MonthlyCharges,Contract_Month-to-month,Contract_One year,Contract_Two year,Actual_Churn,Predicted_Churn,Churn_Probability,Risk_Level
1,0,0,24,1,0,0,58,1,0,0,0,0,0.4364426632209651,Medium
0,0,0,69,1,0,0,105,1,0,0,0,0,0.2665104906423733,Low
0,0,1,57,1,0,1,53,0,0,1,0,0,0.05974048082250583,Low
0,1,0,27,1,1,0,110,0,0,1,0,1,0.8554575886595854,High
1,0,0,66,0,0,1,29,1,0,0,0,0,0.06556333531779651,Low
0,0,1,68,1,0,0,85,1,0,0,0,0,0.12294867505636688,Low
0,0,1,29,1,1,1,20,0,1,0,0,0,0.09863425586826076,Low
0,0,0,58,1,1,1,111,1,0,0,0,0,0.44008960363650806,Medium
0,0,0,4,1,0,0,77,0,0,1,1,1,0.7878149910158875,High
1,0,1,59,1,1,1,87,0,0,1,0,0,0.1472535043316571,Low
1,0,0,1,0,0,1,35,0,0,1,1,1,0.6893813315956148,High
1,1,0,10,1,1,1,87,0,1,0,1,1,0.8596623670672954,High
0,0,1,40,1,0,0,25,0,0,1,0,0,0.06371828103899083,Low
1,1,0,4,1,0,1,75,1,0,0,0,1,0.8612134899819102,High
0,0,0,57,1,1,1,113,0,0,1,1,0,0.41331764259075354,Medium
0,0,1,72,0,0,0,54,0,1,0,0,0,0.07811383903042829,Low
0,0,0,7,1,0,1,75,1,0,0,0,1,0.773133817313173,High
1,0,1,70,0,0,0,60,0,1,0,0,0,0.09491335362834481,Low
0,1,0,1,1,0,0,85,1,0,0,1,1,0.9241386189135473,High
1,0,0,23,1,0,0,81,1,0,0,1,1,0.6370010431997633,High
0,0,0,69,1,1,1,106,1,0,0,0,0,0.2696069971519671,Low
1,0,0,56,1,1,0,60,1,0,0,0,0,0.13776626468435219,Low
0,0,0,23,1,1,0,99,0,0,1,0,1,0.7493192481732607,High
1,0,1,71,1,0,1,24,1,0,0,0,0,0.012941700924479688,Low
0,1,0,66,1,1,1,102,1,0,0,0,0,0.39250012288668584,Medium
1,1,0,65,1,1,1,103,1,0,0,0,0,0.3909309434099066,Medium
0,0,0,72,1,0,0,25,1,0,0,0,0,0.021208379609211642,Low
0,0,1,72,1,0,1,83,1,0,0,0,0,0.08837360597548975,Low
0,0,0,71,1,1,0,105,0,1,0,0,0,0.22975324476522763,Low
0,0,0,1,1,0,0,50,0,1,0,1,1,0.6557084813496222,High
1,0,1,67,1,0,0,90,1,0,0,0,0,0.13723486939052193,Low
0,0,1,1,1,0,0,25,0,0,1,0,0,0.3550603971494691,Medium
1,0,0,53,1,1,0,20,0,0,1,0,0,0.03797728387231142,Low
1,1,0,9,1,1,1,21,1,0,0,0,0,0.4584151083741584,Medium
1,0,0,52,1,0,1,61,0,1,0,0,0,0.12949549646844408,Low
0,0,0,23,1,1,1,69,1,0,0,0,1,0.5595996329561433,Medium
1,0,1,50,1,0,1,55,1,0,0,0,0,0.10171343519940115,Low
0,0,0,49,0,0,0,41,0,0,1,0,0,0.19861256998380727,Low
1,0,0,8,1,0,0,20,0,0,1,0,0,0.2910339676705616,Low
1,0,0,1,0,0,1,25,1,0,0,1,1,0.6669518731251647,High
0,1,0,67,1,1,1,106,1,0,0,0,0,0.4115687109678869,Medium
1,0,0,36,1,0,1,21,0,1,0,0,0,0.0849349762387551,Low
1,0,1,58,1,0,0,72,1,0,0,0,0,0.12409420166544095,Low
1,0,0,16,1,0,0,94,1,0,0,1,1,0.797322498931647,High
0,0,1,48,1,1,0,70,0,0,1,0,0,0.17505216477952054,Low
1,0,0,10,1,1,1,86,1,0,0,1,1,0.8034420521399692,High
1,0,1,4,1,1,1,49,1,0,0,1,1,0.5395660587169637,Medium
1,0,1,27,1,0,0,76,0,0,1,0,0,0.40393804924123605,Medium
1,0,1,21,1,0,0,25,0,0,1,0,0,0.14649212733094522,Low
1,1,0,9,1,0,0,85,1,0,0,1,1,0.8784351503461962,High
1,0,1,18,1,1,1,57,1,0,0,1,0,0.4192150572112682,Medium
1,1,0,30,1,1,1,106,1,0,0,0,1,0.8223658019464378,High
1,0,1,39,1,0,0,25,1,0,0,0,0,0.07601793205530266,Low
1,0,0,25,1,1,1,56,1,0,0,0,0,0.40296262329825744,Medium
1,1,0,53,1,0,1,104,1,0,0,1,1,0.5405523164977506,Medium
1,0,0,2,1,0,0,81,0,1,0,1,1,0.8216327462856621,High
0,0,1,48,0,0,0,45,1,0,0,0,0,0.21077943350194991,Low
0,0,0,53,1,0,1,20,1,0,0,0,0,0.04446459775576445,Low
0,0,0,3,1,0,1,70,0,0,1,0,1,0.7397750264287906,High
0,1,0,14,1,1,0,105,0,0,1,1,1,0.9095993638770316,High
1,1,0,32,1,1,1,20,1,0,0,0,0,0.1926530741791223,Low
0,0,0,36,1,1,1,99,1,0,0,1,1,0.6317413646210628,High
0,0,0,1,1,0,1,71,1,0,0,0,1,0.8045193228088753,High
1,0,1,0,1,0,0,25,0,0,1,0,0,0.3459955520005548,Medium
1,0,0,9,1,0,0,95,0,0,1,1,1,0.8247067665793073,High
1,0,0,1,1,1,1,45,1,0,0,1,1,0.6289698452574656,High
0,0,0,34,1,0,0,63,1,0,0,1,0,0.37003563890373387,Medium
0,1,1,29,0,0,0,36,1,0,0,0,0,0.4827747313666786,Medium
1,0,0,3,1,1,1,20,0,0,1,0,0,0.3452925106930476,Medium
1,0,1,63,1,1,1,91,0,1,0,0,0,0.14568345438309463,Low
1,1,1,71,1,0,1,87,1,0,0,0,0,0.15334322139033668,Low
0,0,1,1,1,1,0,20,1,0,0,0,0,0.38628004122175635,Medium
0,0,1,16,0,0,1,36,1,0,0,0,1,0.5020083826477824,Medium
0,0,1,21,1,1,1,74,0,0,1,1,0,0.4855162224124699,Medium
1,0,0,10,1,1,1,90,1,0,0,1,1,0.823593084720354,High
0,0,0,17,1,0,1,84,1,0,0,0,1,0.7289202802949438,High
1,0,1,23,1,1,1,48,0,0,1,1,0,0.2455173216566847,Low
1,0,0,3,1,1,1,77,1,0,0,1,1,0.8151872376427242,High
0,1,0,1,1,0,0,74,0,0,1,1,1,0.8704384350757962,High
1,0,0,47,1,0,0,87,1,0,0,0,0,0.3717459637043835,Medium
1,0,1,71,1,1,1,67,0,1,0,0,0,0.04763799689998323,Low
0,0,0,5,1,1,1,84,1,0,0,0,1,0.8459165808781771,High
0,0,0,4,1,0,0,75,1,0,0,1,1,0.8137976770750396,High
1,0,0,27,1,1,0,69,1,0,0,0,1,0.5049168122624289,Medium
0,0,0,23,1,0,1,54,1,0,0,0,0,0.41836432731380196,Medium
1,0,1,35,1,1,1,20,0,1,0,0,0,0.0673866630059653,Low
1,0,0,56,1,1,1,100,1,0,0,1,0,0.3560417547124279,Medium
1,0,1,72,1,0,0,20,0,1,0,0,0,0.010016455027640474,Low
1,0,0,67,0,0,0,51,1,0,0,0,0,0.13108331471413015,Low
0,0,0,50,1,1,1,20,1,0,0,0,0,0.05539675588925393,Low
0,0,0,8,1,1,1,54,1,0,0,0,1,0.6329973405045173,High
0,0,0,20,1,0,0,44,1,0,0,0,0,0.39818242269873944,Medium
1,0,0,44,1,0,1,90,1,0,0,0,0,0.4128511340941769,Medium
1,0,1,12,1,0,0,70,1,0,0,0,1,0.6094789274934156,High
1,0,0,3,0,0,0,37,0,0,1,1,1,0.699403677977593,High
0,0,0,66,1,0,1,103,1,0,0,0,0,0.26775820018793645,Low
0,0,0,11,1,1,1,96,1,0,0,1,1,0.8557099405133487,High
1,0,0,61,1,1,0,108,0,0,1,0,0,0.3238124637892996,Medium
0,0,0,32,1,0,0,104,1,0,0,0,1,0.7186416186650746,High
0,0,0,6,1,0,1,89,1,0,0,0,1,0.8513173023536773,High
1,0,0,65,1,1,0,110,0,0,1,0,0,0.29229655397153603,Low
1,0,1,68,1,0,0,80,1,0,0,0,0,0.09758137906942585,Low
1,0,0,51,1,1,1,83,1,0,0,0,0,0.29120497275213064,Low
0,0,0,38,1,1,1,104,1,0,0,0,1,0.6453484996748997,High
1,0,1,57,1,0,1,98,1,0,0,0,0,0.24517657732962994,Low
1,0,0,6,1,0,0,75,0,1,0,1,1,0.7528047920282203,High
1,0,0,44,1,1,0,65,1,0,0,0,0,0.26414316117797537,Low
1,0,0,8,1,1,1,70,1,0,0,1,1,0.7277852962779628,High
1,1,0,70,1,1,0,89,0,0,1,0,0,0.21110696448016839,Low
0,1,0,59,1,0,0,79,0,0,1,0,0,0.26152608145347195,Low
0,0,1,72,1,1,1,106,1,0,0,0,0,0.18261098232956963,Low
1,1,0,33,1,0,1,25,1,0,0,0,0,0.19927709979739164,Low
1,0,0,71,1,1,1,113,1,0,0,0,0,0.2759554704528212,Low
1,0,0,71,1,0,0,98,0,0,1,0,0,0.15773068976405358,Low
1,0,0,71,1,0,1,80,0,1,0,0,0,0.09174858093882207,Low
0,1,0,14,1,1,0,74,1,0,0,1,1,0.8187711625877454,High
0,1,0,12,1,0,0,79,1,0,0,0,1,0.8469531726452083,High
0,0,1,61,1,1,0,50,0,0,1,0,0,0.0515746825566494,Low
0,0,0,61,1,0,0,103,1,0,0,0,0,0.3429824871516292,Medium
1,0,1,29,1,0,0,80,0,0,1,0,0,0.41014725731300006,Medium
0,0,0,1,1,0,0,45,0,1,0,1,1,0.6172892523518176,High
1,0,1,72,1,1,1,89,1,0,0,0,0,0.10366434719807126,Low
0,0,0,70,0,0,1,45,1,0,0,0,0,0.09567952567490041,Low
0,1,0,72,1,0,1,105,1,0,0,0,0,0.3253567811998929,Medium
1,1,0,26,1,1,1,94,1,0,0,0,1,0.7938140212690036,High
1,0,0,1,1,1,1,80,1,0,0,1,1,0.844353684001875,High
0,0,0,63,1,0,1,21,1,0,0,0,0,0.0273744306671832,Low
1,0,0,5,1,0,1,56,0,1,0,0,1,0.610119871484336,High
0,1,0,6,1,0,0,89,1,0,0,0,1,0.9141087209188221,High
0,0,0,2,0,0,1,43,1,0,0,1,1,0.7912472423138512,High
0,0,1,5,1,0,0,46,1,0,0,1,1,0.5290087094838671,Medium
1,0,0,1,1,1,1,71,0,0,1,0,1,0.7617575516659376,High
0,0,1,50,1,0,1,103,0,1,0,0,0,0.3429224862583019,Medium
0,0,0,16,1,0,0,54,0,1,0,1,0,0.49327422516835573,Medium
0,0,1,31,1,0,1,91,1,0,0,1,1,0.532454104356944,Medium
0,0,1,22,1,1,0,21,0,0,1,0,0,0.1436895301283623,Low
0,0,0,62,1,0,1,94,0,1,0,0,0,0.222469911711868,Low
1,0,1,1,1,1,0,51,1,0,0,1,1,0.6162945203307287,High
0,0,0,35,1,0,1,61,1,0,0,0,0,0.3229803624423442,Medium
0,0,0,25,1,0,1,75,1,0,0,0,1,0.564933839301565,Medium
0,0,0,3,1,1,1,92,0,0,1,1,1,0.8637115887794274,High
0,0,1,67,0,0,1,54,1,0,0,0,0,0.10644426459949989,Low
1,0,1,8,1,0,0,54,0,1,0,0,0,0.49179607789496504,Medium
0,0,0,42,1,0,0,25,0,1,0,0,0,0.08436970983735818,Low
0,1,0,15,1,0,0,95,0,1,0,0,1,0.8722735760077096,High
1,0,1,29,1,1,1,71,1,0,0,1,0,0.38927230828115095,Medium
1,0,0,7,1,1,1,85,1,0,0,1,1,0.8228136086364514,High
1,0,0,9,0,0,1,24,0,0,1,1,1,0.5007049795061038,Medium
1,1,0,57,1,0,0,90,0,0,1,0,0,0.34103300032813866,Medium
1,0,1,72,1,1,0,75,1,0,0,0,0,0.07347755903743158,Low
0,0,0,1,1,0,0,50,1,0,0,1,1,0.6910098920725707,High
1,0,1,18,0,0,1,26,1,0,0,0,0,0.3716982702946385,Medium
0,0,1,9,1,1,1,66,1,0,0,0,1,0.6338972691056457,High
0,0,1,41,1,0,0,109,0,0,1,0,1,0.512646102877088,Medium
0,0,0,65,1,0,0,26,0,0,1,0,0,0.025258787648782508,Low
1,0,1,12,0,0,1,36,0,1,0,0,0,0.49210324290405827,Medium
0,0,0,1,1,1,1,55,0,1,0,1,1,0.6884633923977108,High
0,0,0,51,1,1,0,69,0,1,0,0,0,0.20849290406766546,Low
1,0,1,66,1,0,0,26,0,0,1,0,0,0.015652436608165333,Low
1,0,0,72,0,0,0,66,1,0,0,0,0,0.1596373628702462,Low
0,0,0,63,1,0,0,80,0,0,1,0,0,0.1479009261249719,Low
1,1,1,50,1,0,1,75,1,0,0,0,0,0.27254899832445667,Low
1,0,1,12,1,0,0,19,1,0,0,0,0,0.22273395692506087,Low
0,0,1,22,0,0,0,49,1,0,0,0,1,0.5514223665587675,Medium
0,1,0,42,1,0,1,95,1,0,0,0,1,0.6333313645585923,High
0,0,0,31,0,0,0,50,0,0,1,0,0,0.46729615899452076,Medium
0,0,1,35,1,0,0,26,0,1,0,0,0,0.08970315565951888,Low
1,1,0,9,1,0,0,80,1,0,0,0,1,0.8595460713762886,High
1,0,0,28,1,0,0,61,1,0,0,0,0,0.4084616369984047,Medium
0,0,1,65,0,0,0,45,1,0,0,0,0,0.09695631929196753,Low
1,0,0,3,0,0,0,30,0,1,0,0,1,0.6639052764731345,High
1,1,0,50,1,1,1,70,1,0,0,0,0,0.3238683914461411,Medium
1,0,0,21,1,0,0,111,1,0,0,1,1,0.8411214921530521,High
0,0,0,54,1,0,0,104,0,0,1,1,0,0.3843543182086056,Medium
1,0,0,15,1,1,0,96,1,0,0,0,1,0.8263872755273494,High
0,0,0,7,1,1,1,54,0,1,0,0,1,0.6078024708659268,High
0,1,0,1,0,0,1,25,0,1,0,1,1,0.7611803691045587,High
0,0,0,37,1,1,1,79,1,0,0,0,0,0.45547147548212746,Medium
0,0,1,61,1,0,0,60,0,0,1,0,0,0.06599181454861512,Low
1,0,0,72,1,1,1,111,1,0,0,0,0,0.252620329793467,Low
1,1,0,35,1,1,0,101,0,0,1,1,1,0.7224603336916494,High
0,0,1,57,1,1,1,95,1,0,0,0,0,0.25725942964838444,Low
1,0,0,12,1,0,0,20,0,1,0,0,0,0.26194920568115115,Low
0,1,0,66,0,0,1,46,1,0,0,0,0,0.187459438868222,Low
1,1,0,35,1,0,1,91,1,0,0,0,1,0.6671687485166933,High
1,0,0,61,1,0,1,104,1,0,0,0,0,0.31041197455935704,Medium
0,0,1,71,1,0,0,90,1,0,0,0,0,0.12352736766547459,Low
0,0,0,72,1,0,0,24,0,0,1,0,0,0.01638775684151372,Low
1,0,0,42,0,0,0,25,0,0,1,0,0,0.1617963461644995,Low
1,0,0,1,1,1,1,50,1,0,0,0,1,0.6668493345404114,High
1,0,1,68,1,1,1,86,1,0,0,0,0,0.11481848511403542,Low
0,0,1,42,1,0,1,100,0,0,1,0,0,0.40369643453023124,Medium
1,1,1,41,1,0,0,112,0,1,0,1,1,0.6587481835670154,High
0,0,0,21,1,0,0,94,0,0,1,0,1,0.7242223673260215,High
1,0,0,35,1,0,0,75,0,0,1,1,0,0.3752340769357798,Medium
0,0,1,16,1,1,0,19,0,1,0,0,0,0.18833046780173904,Low
1,0,0,71,1,0,0,104,0,1,0,0,0,0.19672601560150105,Low
0,0,0,40,1,1,1,93,0,1,0,0,0,0.49131487588630274,Medium
0,0,0,48,1,0,1,24,0,0,1,0,0,0.052343644023010456,Low
1,0,0,35,1,0,0,97,0,0,1,0,1,0.5551047566271737,Medium
1,0,0,2,1,0,0,47,1,0,0,0,1,0.6360162251015993,High
0,0,0,42,1,0,1,20,1,0,0,0,0,0.07742000933788167,Low
0,0,1,5,1,1,1,70,0,1,0,0,1,0.676056851383183,High
1,0,0,24,1,1,0,91,1,0,0,1,1,0.7133328699316952,High
0,0,1,10,1,1,1,102,1,0,0,1,1,0.8444590933100593,High
0,0,0,4,1,1,1,20,1,0,0,0,0,0.4084356236374548,Medium
1,0,0,3,1,1,1,85,1,0,0,1,1,0.8519459310234642,High
0,1,0,22,1,0,0,64,0,0,1,0,1,0.6098798900062983,High
0,0,0,68,0,0,0,54,0,1,0,0,0,0.12869908611400432,Low
1,0,0,1,1,0,0,20,0,1,0,0,0,0.39026168897331737,Medium
0,0,1,1,1,1,0,46,0,1,0,1,1,0.5598336688948874,Medium
1,0,0,1,1,0,0,46,1,0,0,1,1,0.6407188302693745,High
1,1,1,24,1,0,0,80,0,0,1,0,1,0.6074462271420359,High
1,0,0,2,0,0,1,49,0,1,0,1,1,0.7820787716819819,High
0,0,0,68,1,0,1,54,1,0,0,0,0,0.06055741119475972,Low
1,0,1,72,1,1,1,106,0,1,0,0,0,0.14769459568922422,Low
1,1,0,34,1,1,1,85,1,0,0,0,1,0.6502480509109233,High
0,0,0,69,1,0,0,99,1,0,0,0,0,0.2293822083959863,Low
1,1,1,52,1,0,0,81,0,0,1,0,0,0.26287042377438513,Low
1,1,1,72,1,0,1,104,1,0,0,0,0,0.23196558463975728,Low
0,0,0,31,1,0,0,85,1,0,0,0,1,0.589014930068661,Medium
0,0,0,26,1,0,0,73,1,0,0,0,1,0.5570284702389248,Medium
0,1,0,72,1,1,1,106,0,1,0,0,0,0.31300151133248966,Medium
0,0,1,18,1,1,1,25,1,0,0,0,0,0.2148295054607563,Low
0,0,0,27,1,0,0,56,1,0,0,0,0,0.40384504730586196,Medium
1,1,0,35,1,0,0,95,0,1,0,1,1,0.680419024055552,High
1,0,0,35,1,1,1,75,1,0,0,1,0,0.4261106276556585,Medium
0,0,1,50,1,1,0,84,1,0,0,0,0,0.2763519140823213,Low
0,0,1,11,1,0,0,20,1,0,0,0,0,0.25549013891272576,Low
1,0,1,36,0,0,0,61,1,0,0,0,0,0.440616219463571,Medium
0,0,0,71,0,0,1,58,1,0,0,0,0,0.1338030055107917,Low
0,0,0,2,1,0,1,50,1,0,0,1,1,0.6599940664487269,High
0,0,1,25,1,1,1,19,1,0,0,0,0,0.13346179165409466,Low
1,0,1,40,1,0,0,20,0,1,0,0,0,0.053246103530107045,Low
0,0,0,1,1,0,0,76,0,0,1,1,1,0.8083593019743996,High
0,0,1,52,1,0,0,84,1,0,0,0,0,0.24225424795941602,Low
1,0,0,11,1,0,0,45,0,0,1,0,0,0.4451381294878362,Medium
0,0,0,6,1,0,0,21,1,0,0,0,0,0.3948525416337193,Medium
0,0,0,38,1,1,1,20,1,0,0,0,0,0.100381779608163,Low
0,0,0,67,1,0,0,66,1,0,0,0,0,0.09963278917331622,Low
0,0,0,1,1,1,0,75,0,0,1,1,1,0.8140693057648779,High
1,0,0,66,1,0,0,25,0,0,1,0,0,0.021180625429409305,Low
1,0,1,13,1,1,1,24,0,1,0,0,0,0.21159985473437554,Low
1,0,0,9,1,0,1,86,1,0,0,0,1,0.8007568334778546,High
1,0,1,37,0,0,1,40,1,0,0,1,0,0.2538563101991805,Low
1,0,1,8,1,0,1,95,1,0,0,0,1,0.8025667600304853,High
1,0,0,56,1,0,0,101,0,1,0,0,0,0.33125425179864176,Medium
1,0,0,65,1,0,0,74,1,0,0,0,0,0.12767708054236562,Low
1,0,1,12,1,1,0,21,0,1,0,0,0,0.21867010462617026,Low
0,0,0,51,1,0,0,112,0,1,0,0,1,0.5061250307484917,Medium
0,1,0,43,1,1,1,90,1,0,0,0,1,0.5980345478853132,Medium
1,0,1,4,1,0,0,49,0,0,1,1,0,0.4866298008424003,Medium
1,1,0,29,1,0,0,96,0,0,1,1,1,0.7391654415446098,High
0,0,0,44,1,1,1,96,1,0,0,1,1,0.5027891829385833,Medium
1,1,0,12,1,0,0,73,1,0,0,0,1,0.8050363498719291,High
0,0,1,67,1,1,1,109,0,1,0,0,0,0.21557363515039438,Low
1,0,0,28,1,0,0,97,0,0,1,0,1,0.6448665163944699,High
1,0,0,2,1,0,0,20,0,0,1,0,0,0.3615274917455484,Medium
1,0,0,64,1,1,1,89,0,1,0,0,0,0.17543146224495978,Low
0,0,0,26,1,0,1,82,1,0,0,0,1,0.6083169427370901,High
1,0,0,40,1,1,0,97,0,0,1,1,1,0.5059538207982901,Medium
0,0,0,41,1,1,0,70,1,0,0,1,0,0.3533976709090134,Medium
1,0,1,4,1,1,1,51,1,0,0,1,1,0.5560295798903598,Medium
1,0,0,1,1,0,0,90,1,0,0,1,1,0.8850122081602917,High
1,0,0,40,1,1,1,71,0,0,1,0,0,0.2832825961304619,Low
1,0,0,13,1,0,0,91,0,1,0,1,1,0.7807663415521313,High
1,0,0,12,1,0,1,60,0,0,1,1,1,0.5340960773507956,Medium
0,1,0,62,1,0,1,80,1,0,0,0,0,0.26423672009878285,Low
0,0,0,1,1,0,1,44,1,0,0,0,1,0.6265557681541153,High
1,0,1,69,1,0,1,79,1,0,0,0,0,0.08323350768849741,Low
1,0,0,72,1,0,0,116,1,0,0,0,0,0.2888317481042292,Low
0,0,0,1,1,1,0,70,0,0,1,1,1,0.7875971781589095,High
0,0,0,1,1,0,1,52,1,0,0,1,1,0.68639951815117,High
0,0,1,27,1,0,1,24,1,0,0,0,0,0.13213045590185707,Low
0,0,0,1,1,1,1,80,0,0,1,1,1,0.8256157466857112,High
0,0,0,3,1,0,1,95,1,0,0,1,1,0.8914063223987295,High
1,0,0,69,1,0,0,20,1,0,0,0,0,0.019251970441926884,Low
0,1,0,50,1,0,0,105,1,0,0,0,1,0.631349447781613,High
0,0,1,10,1,0,1,66,1,0,0,0,1,0.6046426107508548,High
1,0,0,14,1,1,1,20,1,0,0,0,0,0.2689600308191861,Low
0,0,1,72,1,1,1,77,1,0,0,0,0,0.07852641133276507,Low
1,0,0,2,1,0,1,49,1,0,0,0,1,0.631023448589342,High
1,0,0,69,1,0,0,82,0,0,1,0,0,0.10912175164309208,Low
0,0,1,43,1,1,1,64,0,1,0,0,0,0.18232626225713358,Low
1,0,0,49,1,1,1,66,1,0,0,0,0,0.20631121326567128,Low
0,0,1,29,1,0,0,20,0,0,1,0,0,0.09415169948404123,Low
1,0,0,4,1,0,0,20,0,1,0,0,0,0.3527379274385366,Medium
0,1,0,55,1,1,1,89,0,1,0,0,0,0.39178314750578314,Medium
0,0,1,33,1,0,0,58,0,1,0,0,0,0.24111575958242662,Low
1,0,1,61,1,0,0,98,0,1,0,0,0,0.19598686538255372,Low
1,0,0,1,1,1,1,85,0,0,1,1,1,0.8358424621660339,High
1,0,1,5,1,1,0,20,1,0,0,0,0,0.31630214437159804,Medium
0,0,1,31,1,0,0,104,0,1,0,1,1,0.6199638290677006,High
0,0,0,16,1,1,1,20,0,0,1,0,0,0.22387402007794235,Low
0,0,0,72,1,1,1,88,0,1,0,0,0,0.12827944735978916,Low
1,0,1,2,1,0,0,90,1,0,0,1,1,0.8383286856433998,High
0,0,1,58,0,0,1,60,1,0,0,0,0,0.19065753080665604,Low
1,0,0,56,1,1,1,20,1,0,0,0,0,0.037280379775947406,Low
0,0,0,25,1,1,1,71,0,0,1,0,0,0.49231437444004683,Medium
1,0,1,1,1,0,0,70,0,0,1,0,1,0.6910923625931199,High
0,0,0,43,1,0,1,65,0,1,0,0,0,0.2320758444211094,Low
0,0,0,71,1,1,0,94,0,0,1,1,0,0.16189421368904888,Low
1,0,1,38,1,1,1,85,1,0,0,0,0,0.3851989875045787,Medium
0,0,0,12,1,0,0,45,0,1,0,0,0,0.4721310547721585,Medium
1,0,0,35,1,1,0,69,1,0,0,0,0,0.39911157640077455,Medium
1,1,0,65,1,0,1,71,0,1,0,0,0,0.14956426348928917,Low
1,0,1,44,1,0,0,20,1,0,0,0,0,0.05059823798798357,Low
1,0,1,21,1,0,1,76,1,0,0,0,1,0.5185196239636679,Medium
1,0,0,6,1,0,1,21,1,0,0,0,0,0.3524342286730233,Medium
0,0,0,42,1,0,0,86,0,1,0,0,0,0.4116524347128115,Medium
1,0,1,1,1,0,0,75,1,0,0,0,1,0.7686922194124338,High
0,0,1,3,1,1,0,44,1,0,0,1,1,0.5566130889899135,Medium
0,0,0,7,1,1,1,20,0,0,1,0,0,0.31847461665742666,Medium
0,0,0,16,1,0,1,20,1,0,0,0,0,0.2527098776849012,Low
0,0,0,5,1,1,0,54,1,0,0,0,1,0.6886645328693498,High
0,0,1,19,1,1,0,20,0,1,0,0,0,0.16959859929422635,Low
0,0,1,3,0,0,1,30,1,0,0,1,1,0.6237484202286001,High
0,0,0,3,1,0,1,76,1,0,0,0,1,0.8136257489644905,High
1,0,0,44,1,0,0,71,0,0,1,0,0,0.24504743305555324,Low
1,0,0,53,1,1,0,24,0,0,1,0,0,0.04314379913790305,Low
1,0,0,69,1,1,1,24,0,1,0,0,0,0.0184180271725891,Low
1,1,0,70,1,1,1,103,1,0,0,1,0,0.32928441754822446,Medium
1,1,0,27,1,1,1,105,1,0,0,0,1,0.840243188149507,High
0,0,0,1,1,1,1,20,0,0,1,0,0,0.39194027917820246,Medium
1,1,0,55,1,0,1,99,1,0,0,1,0,0.4723253104081037,Medium
0,1,0,60,0,0,0,49,1,0,0,0,0,0.2774186919810973,Low
1,0,1,14,1,0,0,20,1,0,0,0,0,0.21019011783968647,Low
1,0,1,28,1,1,0,92,1,0,0,0,1,0.5960699226126968,Medium
0,0,0,41,1,0,0,69,0,0,1,0,0,0.28141909103934565,Low
0,0,1,48,1,0,1,70,0,1,0,0,0,0.16249145421415628,Low
0,0,0,7,1,1,1,79,1,0,0,0,1,0.8068309191545034,High
0,0,0,1,1,1,0,50,1,0,0,0,1,0.7058609952426619,High
1,1,0,30,1,0,0,75,1,0,0,0,1,0.6270684311319876,High
0,0,0,15,1,1,1,56,1,0,0,1,1,0.5588098371367245,Medium
1,0,0,33,1,1,0,73,0,0,1,0,0,0.4016572287162429,Medium
0,1,1,31,1,0,0,99,1,0,0,1,1,0.7341472216426609,High
0,0,0,46,0,0,1,46,0,0,1,0,0,0.23939883827015285,Low
1,0,1,9,1,0,0,50,1,0,0,0,0,0.48531889676021894,Medium
1,0,1,63,1,1,1,19,1,0,0,0,0,0.0179670280980172,Low
0,0,0,65,1,1,1,90,0,0,1,0,0,0.17602964223934123,Low
1,0,1,52,0,0,0,44,0,0,1,0,0,0.13114752994560563,Low
0,0,0,2,1,0,0,80,1,0,0,1,1,0.8517327350054827,High
1,0,1,33,1,0,0,82,1,0,0,0,0,0.4300208646892432,Medium
1,0,1,4,0,0,0,39,0,1,0,0,1,0.6421988610273365,High
1,0,0,13,1,0,1,83,1,0,0,1,1,0.7459090954579424,High
1,0,0,71,1,0,1,109,1,0,0,0,0,0.23720404867790532,Low
0,0,1,70,1,1,1,75,1,0,0,0,0,0.08152553694367465,Low
1,0,0,46,1,0,0,89,1,0,0,0,0,0.4001928507550864,Medium
1,0,0,55,1,0,1,64,1,0,0,0,0,0.1411317753908098,Low
0,1,0,27,1,1,1,85,1,0,0,1,1,0.7481529203073791,High
1,0,0,56,1,0,1,26,1,0,0,0,0,0.042192156291029424,Low
0,0,0,2,1,0,0,20,0,0,1,0,0,0.383358662884984,Medium
0,0,0,2,1,0,0,20,0,1,0,0,0,0.3997773535561618,Medium
0,0,1,54,1,1,0,86,1,0,0,0,0,0.2477626930077763,Low
0,0,1,67,1,0,1,94,1,0,0,1,0,0.15445719275556824,Low
0,0,0,39,1,0,0,103,1,0,0,1,1,0.6293123858687718,High
0,0,1,55,1,1,0,85,0,0,1,0,0,0.19357282671491538,Low
1,0,0,18,1,0,0,70,1,0,0,0,1,0.6141573222263198,High
1,0,0,49,1,1,1,95,1,0,0,0,0,0.4052773335709964,Medium
0,0,1,72,1,1,1,84,0,1,0,0,0,0.08389850582576242,Low
1,0,0,35,1,1,1,61,0,0,1,0,0,0.27040816312969246,Low
0,1,0,72,1,0,0,78,1,0,0,0,0,0.1767383943725794,Low
1,0,0,63,1,1,0,80,0,0,1,0,0,0.14503776199352036,Low
0,0,0,1,1,1,1,46,1,0,0,1,1,0.658014318923653,High
0,0,0,58,1,0,0,24,0,1,0,0,0,0.03642797034503037,Low
1,0,0,40,1,0,0,104,1,0,0,1,1,0.6023995778135148,High
0,0,1,37,1,0,0,89,1,0,0,0,0,0.4575715168190485,Medium
1,0,0,14,1,0,0,19,0,1,0,0,0,0.235717229416155,Low
0,0,0,9,1,1,1,80,0,1,0,1,1,0.7676262292397105,High
0,0,0,26,1,1,1,75,1,0,0,1,1,0.5690869701101129,Medium
0,1,0,15,1,1,0,92,0,0,1,0,1,0.860938666565401,High
0,0,1,72,0,0,0,64,1,0,0,0,0,0.12182090782489083,Low
0,0,0,32,1,0,0,21,0,1,0,0,0,0.12118090946550426,Low
1,0,0,6,1,1,1,19,0,1,0,0,0,0.317578949692076,Medium
0,0,1,24,0,0,0,58,1,0,0,0,1,0.5982827648165611,Medium
1,0,0,7,1,0,0,96,0,0,1,0,1,0.844093999158605,High
0,0,0,4,1,0,0,20,1,0,0,0,0,0.41265884851392376,Medium
1,0,1,72,1,0,0,70,1,0,0,0,0,0.058903313382243624,Low
1,0,1,16,1,1,1,56,1,0,0,0,0,0.4373260463758033,Medium
0,1,0,72,1,0,0,89,1,0,0,0,0,0.2363075778366434,Low
1,1,0,35,1,1,1,95,0,1,0,0,1,0.6766123037186382,High
0,0,1,44,1,0,0,94,1,0,0,0,0,0.4063233964715179,Medium
1,0,0,39,1,1,1,81,1,0,0,0,0,0.42244302181591536,Medium
1,0,0,53,1,0,0,94,0,1,0,1,0,0.3155407600361075,Medium
0,0,0,71,1,1,1,20,1,0,0,0,0,0.01867095337566701,Low
1,0,0,67,1,0,0,116,1,0,0,1,0,0.34682106467965373,Medium
1,0,0,51,1,1,1,60,1,0,0,0,0,0.16058014029887116,Low
0,0,0,7,1,0,0,21,0,1,0,0,0,0.3449794847913803,Medium
0,0,0,26,1,1,1,26,0,1,0,0,0,0.18079809218537293,Low
1,0,0,19,1,0,0,19,1,0,0,0,0,0.21691932654887852,Low
1,0,0,61,1,0,0,99,0,0,1,0,0,0.2486301237445709,Low
0,0,0,70,1,0,0,110,1,0,0,1,0,0.2890844304499986,Low
0,0,0,17,1,0,0,69,1,0,0,0,1,0.6407488951170104,High
0,0,1,66,1,0,0,67,0,0,1,0,0,0.0638439702166411,Low
0,0,0,27,1,0,0,95,0,0,1,0,1,0.6630934607338221,High
1,0,0,1,1,0,0,79,1,0,0,1,1,0.8422682791709974,High
1,0,0,1,1,0,1,85,1,0,0,0,1,0.8565140459728295,High
0,0,0,1,1,1,1,20,0,1,0,0,0,0.40848303889039883,Medium
0,0,1,72,1,0,1,110,0,0,1,0,0,0.15897378371943685,Low
0,0,1,52,1,0,0,20,0,0,1,0,0,0.02940146499636594,Low
0,0,0,3,1,0,0,75,1,0,0,0,1,0.8217841711046862,High
0,0,0,54,1,1,1,97,1,0,0,0,0,0.37950389858246386,Medium
1,0,0,26,1,0,0,84,0,1,0,1,1,0.5843464802053285,Medium
1,0,0,9,1,0,1,94,1,0,0,0,1,0.8398217242277972,High
0,0,0,51,1,1,0,60,1,0,0,0,0,0.18655969008301662,Low
0,0,0,2,1,0,0,20,1,0,0,0,0,0.43886354516183373,Medium
1,0,0,3,1,0,0,90,0,1,0,0,1,0.8548240410790792,High
1,0,0,22,1,0,1,20,1,0,0,0,0,0.1825355490832611,Low
1,0,0,5,1,1,1,20,0,1,0,0,0,0.33668951147130005,Medium
1,1,0,16,1,1,1,85,0,1,0,0,1,0.8060262868373144,High
0,0,0,59,1,0,0,93,0,1,0,0,0,0.2619654123236928,Low
0,0,1,28,1,1,1,20,1,0,0,0,0,0.11938461167198935,Low
1,1,0,1,1,0,0,76,1,0,0,1,1,0.8916228131016727,High
0,0,1,22,1,0,0,25,0,0,1,0,0,0.15154124912917996,Low
1,0,0,41,1,1,0,105,0,0,1,1,1,0.5587480945067199,Medium
1,0,0,15,1,0,0,20,1,0,0,0,0,0.26191126827001865,Low
0,0,0,40,1,0,1,106,1,0,0,0,1,0.619491995955723,High
0,0,0,42,1,1,0,68,1,0,0,0,0,0.3264666431823014,Medium
1,0,0,2,1,0,0,86,0,1,0,1,1,0.8446993945815274,High
1,0,0,26,1,0,0,20,1,0,0,0,0,0.1644191770602306,Low
1,1,0,20,1,0,1,71,1,0,0,1,1,0.6973684544023839,High
0,1,0,30,1,0,0,104,1,0,0,0,1,0.8287603212581135,High
1,0,0,24,1,0,1,56,0,1,0,1,0,0.36108231124548645,Medium
0,0,1,5,0,0,1,25,1,0,0,0,1,0.557768559900485,Medium
1,0,0,1,1,1,1,21,0,1,0,0,0,0.3940236361151864,Medium
1,0,0,26,1,0,0,76,1,0,0,0,1,0.5585768969102387,Medium
1,0,1,72,0,0,0,38,1,0,0,0,0,0.0505556112967011,Low
0,0,1,71,0,0,0,60,0,0,1,0,0,0.09244246913435757,Low
1,1,0,1,0,0,0,43,1,0,0,1,1,0.8713039246232652,High
1,0,0,5,1,1,1,85,0,1,0,1,1,0.8148924573127567,High
0,0,1,72,0,0,0,54,1,0,0,0,0,0.09049242358445732,Low
0,0,0,12,1,1,1,51,1,0,0,0,1,0.5574890043240515,Medium
0,0,1,63,1,0,0,64,1,0,0,0,0,0.08357873025416,Low
1,0,1,1,1,0,0,70,1,0,0,0,1,0.7378400251496171,High
0,0,0,51,1,0,0,25,1,0,0,0,0,0.0626068806970262,Low
0,0,1,35,1,1,1,50,1,0,0,0,0,0.20157390283859636,Low
1,0,0,28,1,0,0,91,0,0,1,0,1,0.5980018660436975,Medium
0,0,0,7,1,1,1,78,1,0,0,0,1,0.8015983868081086,High
0,0,0,16,1,0,1,86,1,0,0,0,1,0.7519843512781024,High
1,0,0,67,1,1,0,66,0,0,1,0,0,0.07916436213439412,Low
1,0,0,8,1,0,1,20,1,0,0,0,0,0.32108299590639616,Medium
1,0,0,38,1,1,1,111,0,1,0,0,1,0.6404345289380678,High
0,0,1,0,1,1,1,81,1,0,0,0,1,0.8219948345395935,High
0,0,0,45,1,1,1,74,1,0,0,0,0,0.31570244832940286,Medium
0,0,1,63,1,0,0,19,0,1,0,0,0,0.01711009774673318,Low
0,0,1,72,1,0,0,116,0,0,1,0,0,0.2012487678467174,Low
0,0,0,50,1,1,0,19,0,1,0,0,0,0.05011014520634977,Low
1,0,1,70,1,0,1,90,1,0,0,0,0,0.11034373620372011,Low
0,0,0,8,1,0,0,19,0,0,1,0,0,0.30360753814767955,Medium
1,1,0,16,1,0,0,87,1,0,0,1,1,0.8414331553627633,High
1,0,0,66,1,1,1,19,1,0,0,0,0,0.02144523938122904,Low
0,1,0,1,1,0,0,51,1,0,0,1,1,0.7973806291947652,High
0,0,0,62,1,0,0,72,0,0,1,0,0,0.12309669202667013,Low
1,1,1,43,1,0,1,111,1,0,0,1,1,0.6433473639150706,High
1,0,1,21,1,1,1,20,1,0,0,0,0,0.15232730955487098,Low
1,0,1,55,1,1,1,90,0,1,0,0,0,0.20209311098492683,Low
1,1,0,57,1,1,0,95,0,0,1,1,0,0.3960373350629314,Medium
1,0,1,22,1,1,1,68,1,0,0,1,0,0.45640050164603774,Medium
1,0,1,28,0,0,1,51,0,0,1,0,0,0.38706230717110907,Medium
0,0,0,24,1,0,1,75,1,0,0,1,1,0.5780601178903509,Medium
1,0,1,44,1,1,1,21,1,0,0,0,0,0.05136178730440364,Low
1,0,1,3,1,1,0,20,0,0,1,0,0,0.2904601823817051,Low
1,1,0,36,1,1,1,85,1,0,0,1,1,0.6254909018821733,High
0,0,0,2,1,1,1,61,1,0,0,0,1,0.7501404089097983,High
0,1,0,62,1,0,0,84,1,0,0,0,0,0.3093510330967083,Medium
0,0,0,64,1,1,0,68,0,0,1,0,0,0.10592578555457252,Low
0,0,0,9,1,0,0,77,1,0,0,0,1,0.7813110750599831,High
0,0,0,68,1,0,0,26,1,0,0,0,0,0.027007271295354147,Low
1,0,1,53,1,1,0,19,0,0,1,0,0,0.026426402982241422,Low
1,0,0,32,1,0,0,79,0,0,1,0,0,0.4461896996984911,Medium
0,0,0,2,1,0,1,45,1,0,0,0,1,0.6217772149590931,High
0,0,0,8,1,0,0,20,1,0,0,0,0,0.3618363596342447,Medium
0,1,0,28,1,1,1,64,1,0,0,0,1,0.583527135480929,Medium
1,1,0,49,1,0,0,90,1,0,0,1,0,0.4999207227036212,Medium
1,0,0,5,1,0,0,21,1,0,0,1,0,0.3853788356573215,Medium
1,1,0,51,1,0,0,94,1,0,0,1,1,0.5063519873171228,Medium
0,0,1,26,0,0,0,46,1,0,0,0,0,0.47310090587529985,Medium
0,0,0,2,1,1,0,20,0,0,1,0,0,0.40016070339283694,Medium
1,0,0,47,1,0,1,20,1,0,0,0,0,0.055233122754321795,Low
0,1,0,60,1,0,0,101,1,0,0,0,0,0.4673041493851472,Medium
1,0,0,4,1,0,1,20,1,0,0,0,0,0.3694956288021028,Medium
0,0,1,12,1,0,0,20,1,0,0,0,0,0.24542805108670473,Low
0,1,0,15,1,0,0,96,0,1,0,1,1,0.8759306577705979,High
1,0,0,63,1,0,0,19,1,0,0,0,0,0.025523298071641897,Low
1,1,0,3,0,0,1,41,1,0,0,1,1,0.8390110149000619,High
0,0,1,3,1,0,0,80,1,0,0,1,1,0.7946728111031244,High
0,0,0,53,1,1,1,21,1,0,0,1,0,0.049087219355350604,Low
1,0,0,3,1,1,1,99,1,0,0,1,1,0.9016079373378996,High
0,0,1,5,1,1,1,45,1,0,0,0,1,0.5163641123651928,Medium
0,0,0,1,1,1,0,51,0,0,1,1,1,0.6635285905649453,High
1,0,0,17,1,1,1,52,1,0,0,1,0,0.4757103259577488,Medium
1,0,0,11,1,0,0,20,0,0,1,0,0,0.25899834682024464,Low
1,0,0,1,1,1,0,45,0,0,1,0,1,0.5953752033713825,Medium
1,0,0,30,1,0,0,90,1,0,0,0,1,0.6192213341128723,High
0,0,0,1,1,0,1,20,0,1,0,0,0,0.39155966377249773,Medium
1,0,1,41,1,0,0,68,0,1,0,0,0,0.20808728093615814,Low
0,0,0,13,0,0,1,32,1,0,0,0,1,0.5932067030626921,Medium
0,0,1,19,1,1,0,26,1,0,0,0,0,0.2264520849366401,Low
1,0,1,1,0,0,1,31,0,1,0,1,1,0.5967377644489844,Medium
0,0,0,30,1,0,0,75,0,1,0,0,0,0.4801462452930813,Medium
1,0,0,14,1,0,0,49,1,0,0,0,0,0.49533221419855034,Medium
0,0,0,25,1,0,0,19,0,1,0,0,0,0.15808707182210263,Low
0,0,1,6,1,0,1,55,1,0,0,0,1,0.5679992991132529,Medium
0,1,0,34,1,1,1,96,1,0,0,0,1,0.746328591972005,High
0,0,0,72,1,1,0,92,0,0,1,0,0,0.14625592726067185,Low
1,0,0,18,1,1,1,81,1,0,0,1,1,0.6927361404977793,High
0,1,0,27,1,1,1,88,1,0,0,1,1,0.7664703406060118,High
1,0,1,71,1,0,0,106,0,0,1,0,0,0.14796323233263842,Low
0,0,0,16,1,0,0,91,1,0,0,0,1,0.7963061477402393,High
0,0,0,59,1,1,1,83,1,0,0,0,0,0.22706631615563463,Low
0,0,0,1,1,1,1,70,1,0,0,1,1,0.810316892795811,High
0,0,0,3,1,1,0,95,0,0,1,0,1,0.8843351945761021,High
0,0,0,54,1,1,0,107,1,0,0,1,0,0.48217175571320253,Medium
0,0,0,23,1,0,0,79,0,1,0,1,1,0.6055656525093982,High
0,0,0,4,1,1,1,70,0,0,1,1,1,0.7430183492263274,High
1,1,0,17,1,0,0,95,1,0,0,0,1,0.8677485258263699,High
1,0,0,72,1,0,0,104,1,0,0,0,0,0.2141867138239399,Low
0,0,1,62,1,1,1,111,1,0,0,0,0,0.3107655888786473,Medium
1,0,0,3,1,0,1,80,1,0,0,1,1,0.8195431281690105,High
1,0,0,68,1,1,0,25,0,1,0,0,0,0.02185935182596828,Low
1,0,0,6,1,1,0,21,1,0,0,0,0,0.38939339380718835,Medium
0,0,0,30,1,0,0,79,0,1,0,0,1,0.5133664801040946,Medium
1,0,1,3,1,0,1,92,1,0,0,1,1,0.8278884383450354,High
1,0,0,2,1,0,0,80,0,1,0,1,1,0.8167100786486444,High
0,1,0,37,1,0,0,76,0,1,0,1,1,0.5275893626581573,Medium
0,0,1,50,1,1,1,21,1,0,0,0,0,0.0413150305629296,Low
0,0,0,51,1,1,0,20,1,0,0,0,0,0.05722289046911677,Low
1,0,0,59,1,0,0,100,1,0,0,1,0,0.32389087636745817,Medium
0,0,0,4,0,0,0,24,0,1,0,1,1,0.6274196108075193,High
1,0,1,25,1,0,1,55,1,0,0,0,0,0.3019104748734789,Medium
0,1,0,29,1,0,0,99,0,1,0,1,1,0.786454454392268,High
0,0,0,5,1,0,0,83,1,0,0,0,1,0.8438482436818328,High
0,0,0,29,0,0,0,40,1,0,0,0,0,0.46839443651086937,Medium
1,0,0,64,1,0,0,81,0,1,0,0,0,0.1423348774705211,Low
0,0,1,65,1,0,1,90,1,0,0,0,0,0.15112710401954185,Low
1,0,0,21,1,0,1,106,0,1,0,1,1,0.7776177074133017,High
1,0,0,14,1,0,0,56,0,1,0,0,1,0.5133338517375854,Medium
1,0,0,54,1,1,1,65,0,0,1,0,0,0.13260691072862796,Low
0,0,0,34,1,1,0,20,0,1,0,0,0,0.1139295263070776,Low
1,0,0,23,1,0,0,65,1,0,0,0,1,0.5076567763472593,Medium
0,0,0,12,1,0,1,99,1,0,0,1,1,0.8526680328793589,High
0,1,0,13,1,0,0,82,1,0,0,1,1,0.8528333509516828,High
0,0,1,12,1,1,1,19,0,1,0,0,0,0.20842430687234806,Low
0,0,0,6,1,1,0,50,0,0,1,0,1,0.5933429390851311,Medium
1,1,0,1,1,1,1,94,0,0,1,1,1,0.9211911727458669,High
1,0,1,69,1,0,0,82,1,0,0,0,0,0.09871998214156967,Low
1,1,0,27,1,0,1,85,0,1,0,0,1,0.6822698972156147,High
0,0,1,67,1,1,1,94,1,0,0,0,0,0.16389327432046988,Low
1,1,0,71,1,0,1,115,0,1,0,0,0,0.3549479733286923,Medium
0,0,1,11,0,0,1,36,0,0,1,0,1,0.5116267004783582,Medium
1,1,0,1,1,0,0,72,1,0,0,1,1,0.8780925786803233,High
0,0,1,70,1,1,1,94,0,0,1,1,0,0.11712981383856866,Low
1,1,0,3,1,0,1,105,1,0,0,1,1,0.9466485136854873,High
0,0,0,10,1,0,0,80,1,0,0,1,1,0.7890852209768306,High
1,0,0,14,1,0,0,45,0,1,0,0,0,0.42257186785077433,Medium
0,0,0,65,1,1,1,85,0,1,0,0,0,0.16236605265143442,Low
1,0,0,46,1,0,1,19,1,0,0,0,0,0.05630579427998662,Low
0,0,1,62,0,0,1,49,0,1,0,0,0,0.1009828644298117,Low
0,0,1,5,1,1,0,49,0,0,1,0,1,0.5142079012798063,Medium
1,1,0,13,1,1,1,60,1,0,0,0,1,0.7140177244296354,High
1,0,1,2,1,0,1,20,1,0,0,0,0,0.3168040643953446,Medium
1,0,1,47,1,1,1,99,0,1,0,1,0,0.3440443827641383,Medium
1,0,1,22,1,0,1,20,1,0,0,0,0,0.13698170280576127,Low
0,0,0,30,1,0,0,69,1,0,0,0,0,0.4704737251772972,Medium
0,0,0,18,1,0,1,100,1,0,0,1,1,0.8126449382738296,High
1,0,0,9,1,1,1,74,0,1,0,0,1,0.7113867354241351,High
0,1,0,39,1,1,0,99,1,0,0,0,1,0.7308182137208088,High
1,0,1,53,1,0,0,20,1,0,0,0,0,0.03184980560176676,Low
1,0,1,72,1,1,0,106,0,1,0,0,0,0.15911526252757718,Low
0,0,0,22,1,0,1,50,1,0,0,0,0,0.3991944846035578,Medium
1,0,1,53,1,1,1,63,0,1,0,0,0,0.10308856180169208,Low
0,0,0,2,1,0,0,59,1,0,0,0,1,0.7408411701670895,High
1,0,0,9,1,1,1,86,0,1,0,0,1,0.7859922968082793,High
1,0,0,7,1,1,1,74,1,0,0,1,1,0.7631368725976013,High
0,0,0,36,1,1,1,86,1,0,0,0,1,0.5268876205304711,Medium
1,0,0,8,1,1,1,67,0,1,0,0,1,0.6732884283107677,High
1,0,1,61,1,1,0,106,1,0,0,1,0,0.2860678836865388,Low
0,1,0,59,1,0,0,100,0,0,1,0,0,0.41577532105776216,Medium
1,0,1,28,1,0,1,85,1,0,0,0,0,0.49949639174544996,Medium
1,1,0,34,1,0,0,100,1,0,0,0,1,0.7569609031842602,High
0,1,0,13,1,0,0,101,0,0,1,1,1,0.8964976177611172,High
0,0,0,18,1,0,0,96,1,0,0,0,1,0.8057027800850618,High
1,1,0,27,0,0,1,36,1,0,0,1,1,0.549390945700566,Medium
1,0,0,57,0,0,0,54,0,1,0,0,0,0.19524468811417053,Low
0,0,0,9,0,0,0,41,0,1,0,0,1,0.6938362397106659,High
1,0,0,24,1,0,0,94,1,0,0,0,1,0.7192626500862461,High
0,0,0,1,1,1,1,20,1,0,0,0,0,0.44778539623518493,Medium
1,1,0,67,1,0,0,116,1,0,0,0,0,0.47474203645467283,Medium
1,0,1,1,1,0,0,74,1,0,0,1,1,0.7627304006136717,High
1,1,0,29,1,1,0,84,0,0,1,0,1,0.6711409760840209,High
0,0,1,7,1,0,0,69,0,0,1,0,1,0.6326945977112745,High
0,0,1,45,0,0,0,51,0,0,1,0,0,0.2333380289901077,Low
0,0,0,6,1,0,0,110,1,0,0,1,1,0.9262767042034181,High
0,0,0,67,1,0,0,26,0,1,0,0,0,0.024333109676223312,Low
1,0,0,9,1,0,1,20,1,0,0,0,0,0.3095115662475757,Medium
0,0,1,52,1,1,1,101,0,0,1,0,0,0.3052593243106919,Medium
0,0,0,12,1,1,0,96,0,0,1,1,1,0.8299020151665437,High
0,0,1,69,0,0,1,46,1,0,0,0,0,0.07581142358505674,Low
1,0,1,72,1,0,0,25,0,0,1,0,0,0.011028164827756511,Low
1,0,0,9,1,1,1,80,1,0,0,1,1,0.7793958422788494,High
1,0,0,4,1,0,0,21,1,0,0,0,0,0.39815112544559145,Medium
0,0,0,69,1,1,1,26,1,0,0,0,0,0.025201516815716255,Low
0,0,0,4,1,1,1,80,0,1,0,0,1,0.8119877845476781,High
1,0,1,49,0,0,0,39,1,0,0,0,0,0.1588692910342393,Low
0,0,0,15,1,0,1,84,1,0,0,1,1,0.7495775440421202,High
0,0,1,12,1,1,1,20,1,0,0,0,0,0.24221051218016226,Low
1,1,0,3,0,0,1,36,0,1,0,1,1,0.7898632391453317,High
0,0,0,2,1,0,0,81,0,1,0,1,1,0.8349154714037315,High
1,0,1,26,0,0,1,40,1,0,0,0,0,0.38024696562032234,Medium
1,0,0,19,1,0,0,90,1,0,0,0,1,0.745716208859798,High
1,0,0,9,1,0,0,70,0,1,0,0,1,0.6871104379118078,High
1,0,1,1,1,0,0,50,1,0,0,0,1,0.5914818932976936,Medium
0,0,1,24,1,1,1,20,1,0,0,0,0,0.14382806884902255,Low
1,1,0,72,1,0,1,25,1,0,0,0,0,0.02984626718019138,Low
0,0,1,71,1,1,0,78,1,0,0,0,0,0.09214442435284997,Low
0,0,0,48,1,0,0,83,0,0,1,0,0,0.29998047616096096,Low
0,0,0,1,1,0,0,26,0,1,0,0,0,0.4617287087019071,Medium
0,0,1,24,1,1,1,21,0,0,1,0,0,0.12130181540511677,Low
0,0,0,58,1,0,0,109,1,0,0,0,0,0.4280492690664773,Medium
0,0,1,50,1,0,1,70,1,0,0,0,0,0.16989130794920435,Low
1,0,1,43,1,0,0,24,1,0,0,0,0,0.06034836592024495,Low
0,0,0,55,1,0,1,51,1,0,0,0,0,0.10484275598589321,Low
1,0,0,6,1,0,0,85,1,0,0,1,1,0.8329365195819082,High
0,0,0,72,1,0,0,83,1,0,0,0,0,0.12961600033051057,Low
1,0,1,1,1,0,0,20,0,1,0,1,0,0.3126974638639898,Medium
1,0,1,27,1,0,0,81,0,1,0,0,0,0.46157836868163254,Medium
1,0,1,50,1,0,0,104,0,0,1,1,0,0.3337130920518026,Medium
0,0,0,63,1,1,1,96,1,0,0,0,0,0.26750290203228394,Low
1,0,1,55,1,0,0,20,1,0,0,0,0,0.028704830482247066,Low
1,0,0,59,1,0,0,69,0,0,1,0,0,0.11965106812201579,Low
0,0,1,14,1,0,0,85,0,1,0,0,1,0.6833538825142971,High
1,0,0,8,1,0,0,55,0,0,1,0,1,0.5677844981591172,Medium
0,0,0,2,1,0,0,71,1,0,0,1,1,0.8098678170467754,High
0,0,0,47,1,0,0,75,0,1,0,0,0,0.2707672072770777,Low
1,0,0,13,1,0,1,80,1,0,0,1,1,0.7265542783024456,High
1,0,0,61,1,0,0,106,0,1,0,1,0,0.30909129967616344,Medium
0,0,0,4,1,1,1,20,1,0,0,1,0,0.4084356236374548,Medium
0,0,0,12,1,1,0,80,0,0,1,0,1,0.7413872174243362,High
1,0,1,62,1,0,1,71,1,0,0,0,0,0.09196773566738324,Low
0,0,0,52,0,0,0,66,0,1,0,0,0,0.3416315870146488,Medium
0,0,0,52,1,1,1,59,0,0,1,0,0,0.13274843248073298,Low
0,1,0,18,1,1,1,85,1,0,0,1,1,0.8279583093101458,High
1,0,1,15,1,1,0,25,0,0,1,0,0,0.20258188314652595,Low
1,0,1,8,1,1,1,20,1,0,0,0,0,0.2651044829585682,Low
0,1,0,1,1,0,0,56,0,1,0,1,1,0.7982761578675517,High
0,0,0,40,1,0,0,19,1,0,0,0,0,0.08980803622347659,Low
1,0,1,51,0,0,0,59,0,1,0,1,0,0.2192890381344608,Low
1,0,0,20,0,0,1,55,1,0,0,0,1,0.6621658614262323,High
1,0,0,1,1,0,0,44,0,0,1,1,1,0.5701533238711075,Medium
1,0,0,59,1,1,0,65,1,0,0,0,0,0.13840369458889942,Low
1,1,0,52,1,1,0,104,1,0,0,1,1,0.5925855879764308,Medium
1,0,0,42,1,0,0,56,1,0,0,0,0,0.21636762153063765,Low
0,0,0,57,1,0,0,104,0,1,0,1,0,0.3628543728922313,Medium
1,0,0,1,1,1,0,49,1,0,0,0,1,0.6788971176385443,High
1,1,1,65,1,1,1,86,1,0,0,0,0,0.205919016606823,Low
1,1,0,70,1,0,0,90,0,1,0,0,0,0.21642388928565814,Low
1,0,0,66,1,0,1,85,0,0,1,0,0,0.1270607145613984,Low
0,0,0,4,1,1,1,51,1,0,0,0,1,0.6592185145867863,High
0,1,0,49,1,1,1,103,1,0,0,0,1,0.6242660955428566,High
0,1,0,26,1,0,0,94,1,0,0,1,1,0.8113714474658664,High
1,0,0,5,1,0,0,19,0,1,0,1,0,0.33317399573386075,Medium
1,1,1,1,1,0,0,50,1,0,0,1,1,0.7113642384704798,High
0,0,1,3,0,0,0,30,0,1,0,0,1,0.6065526735186834,High
1,0,0,25,1,0,0,96,1,0,0,0,1,0.7218526992972624,High
0,0,1,44,1,0,0,20,0,1,0,0,0,0.04746615830814288,Low
0,1,0,29,0,0,1,45,1,0,0,0,1,0.6185810629697358,High
1,0,1,26,1,1,1,82,1,0,0,0,1,0.5189943538904677,Medium
1,0,0,2,1,1,1,70,1,0,0,0,1,0.7866823327675265,High
0,0,0,30,1,1,1,20,1,0,0,1,0,0.1462708898433718,Low
0,0,0,2,1,1,1,45,0,0,1,0,1,0.583723686080126,Medium
0,0,1,59,1,1,1,76,1,0,0,0,0,0.14198328410936412,Low
0,0,1,9,1,1,1,73,0,1,0,1,1,0.6504442815340792,High
1,0,0,42,1,0,0,106,1,0,0,1,1,0.5926019323689714,Medium
1,0,0,6,1,0,1,59,1,0,0,0,1,0.6580306746546088,High
0,0,0,64,1,0,1,85,1,0,0,0,0,0.18286935772801582,Low
0,1,0,1,1,0,0,101,1,0,0,1,1,0.9539856871813485,High
1,0,0,1,1,0,0,81,1,0,0,1,1,0.8508991502881749,High
1,1,0,53,0,0,0,54,0,0,1,1,0,0.3232521511525326,Medium
1,1,0,18,1,1,0,94,0,0,1,0,1,0.8368996314252463,High
0,1,0,33,0,0,0,59,0,1,0,0,1,0.659651419836436,High
1,1,0,16,1,0,0,99,1,0,0,1,1,0.8877275835652415,High
0,0,0,49,1,1,1,20,1,0,0,0,0,0.05826954930452968,Low
1,0,1,8,1,0,1,76,1,0,0,0,1,0.6837309275688562,High
1,0,0,2,1,0,1,20,1,0,0,0,0,0.3948017989623417,Medium
0,0,0,18,1,1,1,78,1,0,0,0,1,0.6913983195496838,High
1,0,0,1,1,0,0,56,1,0,0,0,1,0.713168765295696,High
1,0,0,1,1,0,0,44,0,0,1,0,1,0.5701533238711075,Medium
1,0,0,12,1,0,1,75,1,0,0,0,1,0.703630263948876,High
0,1,0,53,1,1,0,25,0,0,1,0,0,0.08013366152708236,Low
1,1,0,69,0,0,1,30,1,0,0,0,0,0.09512691881773702,Low
0,0,1,51,1,0,0,20,1,0,0,0,0,0.038652557617070746,Low
0,0,0,24,1,0,0,56,1,0,0,0,0,0.4430838121224149,Medium
1,0,0,69,1,1,1,19,1,0,0,0,0,0.01831792134812648,Low
0,1,0,54,1,0,0,102,1,0,0,1,1,0.5557400210371803,Medium
0,0,0,41,1,0,1,75,1,0,0,0,0,0.3551536062324323,Medium
0,0,0,6,0,0,1,45,1,0,0,0,1,0.7657576688244464,High
1,0,0,3,1,0,0,70,1,0,0,0,1,0.780552529504232,High
0,1,1,72,1,1,0,90,1,0,0,0,0,0.19613911139519086,Low
1,0,1,31,1,1,1,26,1,0,0,0,0,0.11373901392822963,Low
0,0,0,8,1,0,1,58,1,0,0,0,1,0.6473729542321555,High
0,1,0,17,1,1,1,94,1,0,0,0,1,0.8725766244791349,High
1,0,0,64,1,1,1,102,1,0,0,0,0,0.27788956914232554,Low
1,0,0,7,1,0,1,100,1,0,0,1,1,0.8769127921886753,High
0,0,0,3,1,0,0,97,0,1,0,1,1,0.8908069350710496,High
0,0,0,25,1,0,0,100,0,1,0,1,1,0.7348581263467737,High
1,0,0,63,1,0,1,103,1,0,0,1,0,0.28117576734159677,Low
0,0,0,1,1,1,1,75,1,0,0,1,1,0.8345522469965214,High
0,0,1,35,1,1,1,20,1,0,0,0,0,0.08521572650681308,Low
0,0,1,1,0,0,1,25,0,1,0,0,1,0.5709949068855882,Medium
1,0,0,10,1,0,1,75,1,0,0,0,1,0.7254889397302758,High
1,0,1,13,1,0,0,73,0,0,1,0,1,0.5650488723820151,Medium
0,1,0,65,1,0,0,109,1,0,0,0,0,0.466768571071285,Medium
0,0,1,35,1,0,0,25,1,0,0,0,0,0.10066283402476246,Low
0,1,0,26,1,0,0,95,0,1,0,1,1,0.791099016824691,High
1,0,0,13,1,0,0,70,1,0,0,0,1,0.6754290553326698,High
0,0,0,13,1,1,0,68,0,1,0,0,1,0.6614368591031484,High
1,0,0,13,1,1,0,98,0,1,0,1,1,0.8282529537509379,High
1,1,0,61,1,0,0,25,1,0,0,0,0,0.05712065708727023,Low
1,0,0,8,1,0,0,95,0,1,0,1,1,0.8417218746764155,High
1,0,1,26,1,0,0,19,1,0,0,0,0,0.11917479940542552,Low
0,0,0,12,1,1,1,96,1,0,0,1,1,0.8489643601311246,High
0,1,0,66,1,0,0,101,0,1,0,0,0,0.351326229635309,Medium
1,0,0,1,1,0,1,75,0,0,1,0,1,0.7728990747048945,High
0,0,0,58,0,0,0,45,1,0,0,0,0,0.18020596412924622,Low
1,1,0,59,1,0,1,83,1,0,0,0,0,0.2979723886280008,Low
1,1,0,24,1,1,1,79,1,0,0,1,1,0.7224749797571,High
1,0,0,10,1,0,0,70,0,1,0,1,1,0.6754720742096227,High
0,0,0,15,1,0,1,56,1,0,0,0,1,0.5413583480222458,Medium
0,0,0,68,1,1,1,81,1,0,0,0,0,0.14506301695108184,Low
1,0,0,69,1,0,0,107,1,0,0,0,0,0.2612742843011208,Low
0,0,0,14,1,0,0,70,1,0,0,0,1,0.6840967705284144,High
1,0,0,52,1,1,1,80,1,0,0,0,0,0.2606014029854434,Low
0,1,0,47,1,1,0,80,1,0,0,1,0,0.48462940771496227,Medium
0,0,0,41,1,1,1,86,1,0,0,0,0,0.45999364124271436,Medium
1,0,0,1,1,0,0,19,0,1,0,1,0,0.3823829008624611,Medium
1,0,0,50,1,1,1,94,0,0,1,0,0,0.3318337492416111,Medium
0,0,0,5,1,1,1,91,1,0,0,1,1,0.8738639555742977,High
0,0,0,9,1,0,0,89,0,0,1,1,1,0.8088551745628002,High
1,1,0,19,1,0,0,96,0,1,0,1,1,0.8384315780998124,High
0,0,0,61,1,0,1,86,1,0,0,0,0,0.2136639877092692,Low
0,0,0,66,1,0,0,105,0,0,1,0,0,0.2532927812911562,Low
1,0,1,48,1,1,1,64,1,0,0,0,0,0.1542701198751851,Low
0,1,0,4,1,0,0,100,0,1,0,1,1,0.9356576405261494,High
0,0,0,12,1,0,0,90,0,0,1,1,1,0.7883501039098614,High
0,0,1,33,1,1,1,79,0,0,1,0,0,0.3693430429201483,Medium
0,0,0,64,1,0,0,19,0,1,0,0,0,0.02268496305433398,Low
1,1,0,7,1,0,0,99,1,0,0,1,1,0.9275854289762506,High
1,0,0,20,1,0,0,85,1,0,0,1,1,0.7018494454385805,High
0,0,0,52,1,0,1,21,1,0,0,0,0,0.04830359392162283,Low
0,1,0,26,1,1,0,61,1,0,0,0,1,0.6065300727671706,High
0,0,0,57,1,0,0,20,1,0,0,0,0,0.039391231403347715,Low
1,0,0,12,1,1,0,54,0,0,1,0,1,0.5239034375181263,Medium
0,0,0,59,1,1,1,95,1,0,0,0,0,0.3044608562935864,Medium
0,0,0,57,1,0,0,95,0,1,0,1,0,0.2969004801470352,Low
1,0,0,46,1,1,1,20,1,0,0,0,0,0.062079470466273365,Low
1,0,1,30,1,0,1,25,0,0,1,0,0,0.08844296296741509,Low
1,0,0,27,1,0,0,81,1,0,0,0,1,0.5861211637184509,Medium
0,0,0,28,1,0,1,60,1,0,0,0,0,0.40176627571729856,Medium
1,0,0,8,1,0,0,67,0,0,1,0,1,0.6618667059125515,High
1,0,0,6,1,0,0,84,1,0,0,1,1,0.8282606110497,High
0,0,0,8,0,0,0,29,1,0,0,0,1,0.6532897410267646,High
1,0,1,40,1,1,1,55,0,1,0,1,0,0.15028329144744237,Low
1,0,0,29,1,0,0,20,0,1,0,0,0,0.12486567662784506,Low
1,0,0,30,1,1,1,50,1,0,0,0,0,0.297222008622445,Low
1,1,0,23,0,0,0,35,0,1,0,0,1,0.5760916889774188,Medium
1,1,0,27,1,0,0,81,1,0,0,1,1,0.7067968293233495,High
0,0,0,42,1,0,0,55,0,1,0,0,0,0.19982502978985175,Low
1,0,1,1,1,1,0,75,0,0,1,1,1,0.7392205846718839,High
0,0,0,1,0,0,0,25,0,1,0,0,1,0.6715513869073554,High
1,0,0,50,1,0,0,94,1,0,0,0,0,0.3886690225977395,Medium
1,0,0,58,1,1,0,19,0,0,1,0,0,0.028379277211862303,Low
0,0,0,26,1,1,0,87,0,0,1,0,1,0.6307335359912207,High
1,1,0,36,1,0,1,54,1,0,0,0,0,0.35712829210743613,Medium
0,0,1,72,1,0,1,107,0,1,0,0,0,0.1549018005961126,Low
1,1,0,47,1,1,1,100,1,0,0,1,1,0.6039088646911471,High
0,0,1,1,1,0,1,80,1,0,0,1,1,0.7977937953115539,High
0,0,1,58,1,0,1,105,1,0,0,0,0,0.29900328301523854,Low
0,0,0,4,0,0,1,24,0,1,0,1,1,0.6066351875361726,High
1,0,0,13,1,0,0,20,1,0,0,0,0,0.28315823674667434,Low
1,0,0,68,1,0,1,117,1,0,0,0,0,0.32270127694585693,Medium
1,0,1,44,1,1,0,20,0,0,1,0,0,0.04348271791545045,Low
0,0,1,10,1,1,1,20,1,0,0,0,0,0.26242753375779215,Low
1,0,0,2,1,0,1,80,1,0,0,1,1,0.8273354768462513,High
0,1,0,58,1,0,0,106,1,0,0,1,1,0.5355419692557863,Medium
1,0,1,72,1,1,1,25,1,0,0,0,0,0.013598230946934256,Low
1,0,0,1,1,0,1,50,1,0,0,1,1,0.6510024056006054,High
0,0,0,26,0,0,1,50,1,0,0,0,1,0.5692001597757521,Medium
1,0,0,66,1,1,0,97,1,0,0,0,0,0.24225426175761436,Low
1,0,1,67,1,0,0,69,0,1,0,0,0,0.06315196435800668,Low
0,0,0,18,1,1,1,61,1,0,0,0,1,0.5601298381622085,Medium
1,0,0,54,1,0,1,84,1,0,0,0,0,0.25206300523499325,Low
0,1,0,47,1,0,1,95,1,0,0,1,1,0.5691815417363907,Medium
0,0,0,19,1,1,1,95,1,0,0,1,1,0.7888547446725671,High
0,0,1,72,1,0,1,70,1,0,0,0,0,0.05920623237207144,Low
0,0,1,58,1,0,0,44,1,0,0,0,0,0.05779384564921277,Low
1,0,1,54,1,0,0,63,1,0,0,0,0,0.11517835063684027,Low
0,0,0,27,1,0,1,89,1,0,0,0,1,0.6500537734777525,High
1,0,0,21,1,0,0,62,1,0,0,0,1,0.509533079322599,Medium
0,1,0,70,1,1,1,76,0,1,0,0,0,0.15763502664265716,Low
1,0,0,71,1,0,1,84,1,0,0,0,0,0.11931673534372911,Low
0,0,0,1,1,1,1,76,1,0,0,0,1,0.8390901340042182,High
0,0,0,5,1,0,0,76,1,0,0,0,1,0.8106911410966404,High
0,0,0,1,1,1,1,96,1,0,0,0,1,0.9102058580317066,High
0,0,0,40,0,0,1,55,1,0,0,0,0,0.42416336270715915,Medium
0,0,1,28,1,1,0,83,1,0,0,0,1,0.545730689849205,Medium
0,0,1,37,1,0,1,95,1,0,0,0,0,0.4853310977983654,Medium
1,0,0,12,1,0,0,100,0,1,0,1,1,0.8351874095603192,High
1,0,1,25,1,0,0,26,1,0,0,0,0,0.1526422138633791,Low
1,0,0,1,1,0,0,91,0,1,0,1,1,0.8713997452621655,High
0,0,1,0,0,0,0,53,0,0,1,0,1,0.7839970426125131,High
1,0,0,38,1,0,0,69,1,0,0,0,0,0.3451328923443582,Medium
1,1,0,46,1,1,1,85,0,1,0,1,0,0.4541933542110626,Medium
0,0,0,1,1,1,0,69,0,0,1,1,1,0.7819844260740079,High
0,0,0,42,1,0,1,66,0,1,0,0,0,0.24791034733195155,Low
0,0,0,3,1,0,0,51,0,1,0,1,1,0.638821412473026,High
0,0,0,72,1,0,0,109,1,0,0,0,0,0.26109639984498667,Low
0,0,0,72,1,1,0,94,0,0,1,0,0,0.15475206727544508,Low
1,0,0,24,1,0,0,90,1,0,0,1,1,0.6916557692740413,High
0,0,0,1,1,0,1,85,0,1,0,0,1,0.8480567218380716,High
0,0,0,29,1,1,1,19,1,0,0,0,0,0.14883306322281548,Low
1,0,0,4,1,0,1,19,1,0,0,0,0,0.36178732325529495,Medium
0,0,0,55,1,0,0,90,1,0,0,0,0,0.318549784107479,Medium
1,1,0,8,1,0,0,70,1,0,0,1,1,0.8224142705632975,High
1,0,0,72,1,0,0,86,0,0,1,0,0,0.10644099117875384,Low
0,1,0,1,1,1,0,21,0,1,0,1,1,0.5702547714380773,Medium
0,1,0,9,1,0,0,90,1,0,0,0,1,0.9035483286031648,High
0,0,0,3,0,0,0,25,0,1,0,1,1,0.6474846933030817,High
1,0,0,1,1,0,0,74,1,0,0,0,1,0.8189179484272248,High
0,0,0,41,1,0,0,25,1,0,0,0,0,0.10246025888813078,Low
1,1,0,4,1,1,1,70,1,0,0,0,1,0.8493813664681027,High
1,0,0,64,1,1,1,105,1,0,0,0,0,0.29833214946177783,Low
1,0,1,51,1,0,0,48,0,0,1,0,0,0.06874432445441316,Low
1,0,0,2,1,1,1,91,1,0,0,0,1,0.8811067995874503,High
0,0,1,58,0,0,0,56,0,0,1,0,0,0.15183932439532924,Low
0,1,0,20,1,0,0,60,0,0,1,0,1,0.6037418814670971,High
0,0,0,61,1,0,1,115,1,0,0,0,0,0.4160044282530514,Medium
1,0,0,64,1,0,0,100,0,1,0,0,0,0.23783467162679553,Low
1,0,1,60,1,0,1,91,1,0,0,1,0,0.17976273978328666,Low
1,0,0,2,1,0,1,75,1,0,0,0,1,0.80229342267534,High
0,0,0,20,1,0,0,19,0,0,1,0,0,0.18642157188238292,Low
1,1,0,1,1,1,1,74,1,0,0,1,1,0.8832430765647983,High
0,0,1,24,1,1,1,79,1,0,0,0,1,0.5441212961450521,Medium
1,0,1,66,1,0,0,80,0,0,1,0,0,0.08732653763617203,Low
1,1,0,44,1,0,0,88,1,0,0,1,1,0.55014034044902,Medium
0,0,0,4,1,0,0,70,0,1,0,1,1,0.7591621138276997,High
1,0,0,34,1,1,1,50,1,0,0,0,0,0.25445722888980404,Low
1,0,0,1,1,0,0,70,0,1,0,1,1,0.7712672893535801,High
1,0,0,69,1,1,1,105,1,0,0,1,0,0.245404260972642,Low
1,0,0,42,1,1,1,95,1,0,0,1,0,0.4979270198137948,Medium
0,0,0,49,1,0,0,101,0,0,1,0,0,0.42487661603404286,Medium
1,0,0,1,1,0,0,44,0,1,0,0,1,0.586957129620043,Medium
0,0,0,13,1,0,0,89,0,0,1,1,1,0.7734981960579057,High
1,1,0,64,1,1,1,102,1,0,0,0,0,0.39579190792646646,Medium
1,0,1,27,1,0,1,55,1,0,0,0,0,0.27980564937602015,Low
1,1,0,17,1,0,0,82,1,0,0,1,1,0.8098685844188006,High
0,1,0,45,0,0,1,34,0,1,0,0,0,0.2889822392109581,Low
1,0,0,38,1,0,0,20,1,0,0,0,0,0.09372633169379187,Low
1,0,0,17,1,1,1,65,1,0,0,0,1,0.5829280471538109,Medium
0,0,0,44,1,0,0,95,1,0,0,0,0,0.4988436461442653,Medium
0,1,0,1,1,0,0,71,1,0,0,1,1,0.8843904653144428,High
1,0,0,52,1,0,0,96,0,0,1,0,0,0.32669032898586786,Medium
0,0,0,3,1,0,1,20,1,0,0,0,0,0.4043547517754725,Medium
1,0,0,37,1,0,1,20,1,0,0,0,0,0.09084752900602235,Low
0,0,0,2,0,0,1,24,0,0,1,0,1,0.6157329323546601,High
0,0,1,69,1,0,0,19,1,0,0,0,0,0.014602705291383857,Low
0,0,0,41,1,1,1,81,0,0,1,0,0,0.36445529438362045,Medium
0,0,0,41,1,1,0,56,1,0,0,0,0,0.2555149973254112,Low
0,0,0,72,1,0,0,20,0,0,1,0,0,0.014377163345846128,Low
0,0,0,5,1,1,1,20,0,0,1,0,0,0.3421828664856481,Medium
1,0,0,32,1,1,0,79,0,1,0,1,0,0.4808510294304869,Medium
0,1,0,66,1,0,0,108,0,0,1,0,0,0.3894793404680313,Medium
0,0,0,10,1,0,0,21,0,1,0,0,0,0.30959889784838196,Medium
0,0,1,56,1,0,1,61,1,0,0,0,0,0.09911206798035092,Low
1,0,0,51,1,1,1,95,0,1,0,1,0,0.3426853990219218,Medium
1,0,0,8,1,1,1,59,1,0,0,0,1,0.6497276920163055,High
0,0,1,8,1,1,0,56,0,0,1,0,1,0.5321232954999632,Medium
1,1,0,54,1,0,0,99,1,0,0,0,1,0.5076906658888898,Medium
1,0,1,55,1,1,1,59,1,0,0,0,0,0.09596401708652655,Low
1,0,0,7,0,0,1,36,1,0,0,0,1,0.6766406949332389,High
0,0,1,28,1,0,0,90,1,0,0,1,1,0.5855384047949315,Medium
0,0,1,51,1,1,1,95,0,0,1,0,0,0.27524428128659056,Low
0,0,1,46,1,1,1,100,0,0,1,0,0,0.36958822077795317,Medium
0,1,0,8,1,0,0,20,1,0,0,1,0,0.4911313121507981,Medium
0,0,1,69,1,0,0,74,1,0,0,0,0,0.08440283132251006,Low
0,0,0,6,1,0,0,89,0,0,1,1,1,0.8324933306767156,High
1,0,0,58,1,0,0,103,0,0,1,1,0,0.30742557294194506,Medium
0,0,1,23,1,1,0,84,0,1,0,0,1,0.5803169245433076,Medium
0,0,1,72,1,0,1,24,0,1,0,0,0,0.011486019107050601,Low
0,0,0,26,1,0,0,96,1,0,0,0,1,0.7297766592458631,High
1,0,0,9,1,0,0,85,1,0,0,1,1,0.8093465822604701,High
1,0,0,17,1,0,0,21,0,0,1,0,0,0.20758005516458944,Low
1,1,1,11,1,1,0,75,1,0,0,0,1,0.7802873130025785,High
0,0,0,10,1,0,1,61,1,0,0,0,1,0.645657256753662,High
0,0,1,11,1,1,0,51,0,0,1,0,0,0.45058373174912575,Medium
1,0,1,20,1,1,0,50,0,1,0,0,0,0.32333501852120106,Medium
0,0,0,47,1,0,0,20,1,0,0,0,0,0.06549893918857037,Low
1,0,1,72,1,0,0,72,1,0,0,0,0,0.06269771649712454,Low
0,0,1,45,1,1,0,81,0,0,1,0,0,0.26427813020077495,Low
0,0,0,67,1,1,1,106,1,0,0,0,0,0.2912319312902155,Low
1,0,0,19,1,0,0,85,1,0,0,0,1,0.7129438566149624,High
0,1,0,1,1,1,1,73,1,0,0,1,1,0.8893084241120257,High
1,1,0,8,1,0,0,74,0,0,1,1,1,0.8078632221026142,High
0,0,1,41,1,0,0,75,0,0,1,0,0,0.25362787043510837,Low
0,0,0,29,1,0,0,79,1,0,0,1,1,0.5665282915737815,Medium
0,1,0,52,1,1,1,108,0,1,0,0,1,0.5872076889524895,Medium
0,0,0,25,1,1,1,20,1,0,0,0,0,0.18300327344726375,Low
1,0,1,66,1,0,1,103,1,0,0,0,0,0.19142513271602182,Low
1,0,1,72,1,0,1,64,1,0,0,0,0,0.044850878054781926,Low
1,1,0,47,1,1,0,86,0,0,1,0,0,0.4538657158786114,Medium
0,0,0,42,1,1,1,21,1,0,0,0,0,0.08516338005585845,Low
1,0,1,32,1,0,1,19,1,0,0,0,0,0.08242333393753815,Low
0,0,1,9,1,1,0,76,0,1,0,0,1,0.6918253442741791,High
1,0,1,1,1,1,1,71,1,0,0,1,1,0.7408813441632957,High
0,0,0,23,1,1,1,50,0,0,1,0,0,0.3494524147909981,Medium
1,0,1,61,1,1,1,81,1,0,0,0,0,0.1378363556376451,Low
0,1,0,4,1,1,1,85,0,1,0,1,1,0.8966988795622364,High
0,0,0,1,1,1,1,44,1,0,0,0,1,0.6429038474480135,High
1,0,1,15,1,0,0,91,0,0,1,0,1,0.6797621773090886,High
0,0,0,22,1,0,0,90,1,0,0,1,1,0.7327273978847169,High
0,0,1,1,1,0,1,21,0,1,0,1,0,0.32107124512337,Medium
1,0,1,58,1,0,0,93,0,1,0,0,0,0.19514429782673604,Low
1,0,0,4,1,1,1,75,1,0,0,1,1,0.7964094166986744,High
0,0,0,70,1,0,0,102,1,0,0,0,0,0.23763205835825033,Low
0,1,0,22,1,0,0,20,0,1,0,0,0,0.2795773586056929,Low
1,0,0,24,1,1,1,74,0,0,1,0,1,0.5072837852700137,Medium
0,0,0,60,0,0,0,44,1,0,0,0,0,0.16038105313195974,Low
0,0,0,11,1,1,0,20,0,1,0,0,0,0.306121977159827,Medium
1,0,1,6,1,0,0,55,0,0,1,1,1,0.5096739439509521,Medium
0,0,0,28,0,0,0,30,1,0,0,0,0,0.40003358619859225,Medium
1,0,0,1,1,0,0,21,0,1,0,0,0,0.3981981504366203,Medium
0,1,0,65,1,1,1,94,1,0,0,0,0,0.3431965439170111,Medium
0,0,0,36,1,0,0,95,1,0,0,0,1,0.6044903948500565,High
1,0,0,44,1,0,1,85,1,0,0,0,0,0.37323565135986453,Medium
1,0,0,21,1,0,1,20,1,0,0,0,0,0.19067071032041563,Low
0,0,0,33,1,0,1,104,1,0,0,1,1,0.6891517095704818,High
1,1,1,68,1,0,0,85,0,0,1,0,0,0.1473122078923315,Low
1,0,1,35,1,1,1,90,1,0,0,0,0,0.46491880231437815,Medium
0,0,0,29,1,0,1,55,1,0,0,0,0,0.350262663300109,Medium
1,1,0,66,1,1,0,100,0,0,1,1,0,0.32338142063247494,Medium
0,0,1,1,1,1,0,70,0,0,1,1,1,0.7249552526373461,High
0,0,1,67,1,0,0,74,1,0,0,0,0,0.0930655143179218,Low
1,1,1,72,1,0,1,115,0,1,0,0,0,0.27045993290919856,Low
0,1,0,45,1,1,0,100,0,0,1,0,1,0.6179470606742825,High
0,0,0,34,1,0,1,50,0,1,0,0,0,0.22922471531390817,Low
0,0,0,71,1,1,0,88,0,1,0,0,0,0.14496119867887564,Low
0,0,0,6,1,1,1,46,1,0,0,0,1,0.5954242627480714,Medium
1,0,0,11,1,0,0,54,0,1,0,1,1,0.5368564959377334,Medium
0,0,0,53,1,1,0,91,0,1,0,0,0,0.3295772194040558,Medium
1,0,0,8,1,1,1,50,1,0,0,0,1,0.5790165852723693,Medium
0,0,0,67,1,0,0,20,1,0,0,0,0,0.02342908561628356,Low
1,1,0,2,1,1,0,96,0,1,0,0,1,0.9326672677260887,High
0,0,1,19,1,1,1,49,1,0,0,0,0,0.3653894028626206,Medium
0,0,0,72,1,0,1,21,1,0,0,0,0,0.017076459721387778,Low
1,0,0,5,1,0,1,75,1,0,0,0,1,0.7755425786514208,High
0,0,0,40,1,1,0,81,0,0,1,0,0,0.3978332529964523,Medium
1,0,0,67,1,1,1,118,1,0,0,1,0,0.3580067397539784,Medium
0,0,1,65,1,0,0,99,1,0,0,0,0,0.20772213568905584,Low
0,0,0,42,1,0,1,74,1,0,0,1,0,0.3355251460744085,Medium
0,1,1,72,1,0,0,90,1,0,0,0,0,0.185257847465021,Low
0,0,0,59,1,0,0,81,0,1,0,0,0,0.1923853578523194,Low
1,0,0,22,1,0,0,54,1,0,0,1,0,0.43012565701465433,Medium
0,0,1,32,1,0,0,91,1,0,0,1,1,0.5409995498613562,Medium
0,0,0,15,1,1,1,75,1,0,0,0,1,0.7042828581806571,High
0,0,0,8,1,1,1,85,1,0,0,1,1,0.8285445196543773,High
1,1,0,19,1,1,1,66,1,0,0,0,1,0.6884223702149681,High
1,0,1,50,1,1,1,108,0,0,1,0,0,0.3598639041283005,Medium
1,0,1,19,1,0,0,84,1,0,0,1,1,0.6306869428941431,High
1,0,0,4,1,0,0,56,0,1,0,0,1,0.6432259100262684,High
1,0,1,50,1,0,0,106,0,1,0,1,0,0.3644625155014279,Medium
1,0,0,19,1,0,0,89,1,0,0,0,1,0.7393629893811975,High
1,0,1,45,1,0,0,84,0,0,1,0,0,0.2519774619510923,Low
1,0,1,68,0,0,0,56,1,0,0,0,0,0.10715129001964882,Low
0,0,0,20,1,1,0,19,0,0,1,0,0,0.19735463113473328,Low
0,0,0,12,1,0,0,20,0,1,0,0,0,0.2804081306660761,Low
1,0,0,19,1,0,0,78,1,0,0,1,1,0.6630884159696685,High
0,0,1,48,1,0,0,96,1,0,0,1,0,0.37118519178620585,Medium
0,0,0,1,0,0,0,31,1,0,0,0,1,0.7455903655858713,High
0,0,1,72,0,0,0,66,0,0,1,0,0,0.10542284532538078,Low
1,0,0,30,1,0,0,64,1,0,0,0,0,0.40664893833033167,Medium
1,1,0,11,1,0,1,60,0,1,0,0,1,0.6880564586898619,High
0,0,1,26,1,0,0,60,1,0,0,1,0,0.3671982132742073,Medium
0,0,0,28,1,0,0,26,0,0,1,0,0,0.15847341100176673,Low
1,0,0,54,1,1,1,89,0,1,0,0,0,0.2666733642578949,Low
1,0,0,72,1,0,1,90,0,1,0,0,0,0.11776835205569842,Low
1,0,0,70,0,0,0,39,1,0,0,0,0,0.07936296331548048,Low
1,0,0,11,1,0,0,23,0,1,0,1,0,0.2926484084481969,Low
0,0,0,57,1,1,1,109,0,1,0,0,0,0.39788655753447455,Medium
1,0,1,59,1,1,1,111,1,0,0,0,0,0.3253806292223941,Medium
1,0,0,28,1,0,0,18,0,0,1,0,0,0.11619920541446997,Low
1,0,1,72,1,1,0,103,0,1,0,1,0,0.1462242300579358,Low
0,0,0,71,1,0,1,25,1,0,0,0,0,0.020506564725620294,Low
1,0,1,10,1,1,1,25,1,0,0,0,0,0.2767492695115374,Low
0,0,1,5,1,1,1,81,0,0,1,0,1,0.7373727861150261,High
0,0,0,1,1,0,0,20,1,0,0,0,0,0.4521045412848109,Medium
1,0,0,23,1,0,0,91,0,0,1,1,1,0.6604205771071807,High
0,0,0,57,1,0,0,100,1,0,0,0,0,0.3692781474334155,Medium
1,0,0,5,0,0,1,51,1,0,0,1,1,0.7931622768186832,High
0,0,1,61,1,1,0,25,0,1,0,0,0,0.024754182366634205,Low
0,0,0,17,1,1,1,94,1,0,0,1,1,0.8009131035259474,High
0,1,0,67,1,0,0,55,0,0,1,0,0,0.09410598687431601,Low
0,0,1,0,1,0,1,20,1,0,0,0,0,0.36172956753220853,Medium
0,0,0,9,1,0,0,92,1,0,0,1,1,0.8546852330562806,High
0,0,1,43,1,0,1,24,0,1,0,0,0,0.05212681391160968,Low
0,1,0,5,1,0,0,81,1,0,0,0,1,0.8959115632481062,High
0,0,0,9,1,0,0,80,0,0,1,0,1,0.758318678608457,High
0,0,1,71,1,1,1,20,1,0,0,0,0,0.013343864934859456,Low
0,0,1,12,1,0,1,58,1,0,0,0,1,0.5129389779146718,Medium
1,0,1,35,1,0,0,110,1,0,0,0,1,0.6321782964813564,High
1,0,0,45,1,1,1,81,0,1,0,0,0,0.31109673957717626,Medium
1,0,0,4,1,0,1,21,1,0,0,0,0,0.37727108378654595,Medium
0,0,0,1,1,1,0,94,1,0,0,1,1,0.9119480389906902,High
0,0,0,62,1,1,0,92,0,1,0,0,0,0.23879366002623026,Low
0,0,0,47,1,0,0,66,1,0,0,0,0,0.24430488289885915,Low
1,0,1,19,1,0,0,100,1,0,0,1,1,0.7440082233795604,High
0,0,0,16,0,0,0,39,0,0,1,0,1,0.5762731745185765,Medium
0,1,0,1,1,0,0,91,1,0,0,1,1,0.9369887224004515,High
1,0,1,49,0,0,1,52,1,0,0,1,0,0.21038644213320143,Low
0,0,0,1,1,1,1,45,1,0,0,0,1,0.6504968679187559,High
0,0,1,4,1,1,1,56,1,0,0,1,1,0.6188469202914483,High
1,0,1,71,1,0,0,85,1,0,0,0,0,0.0980540220371833,Low
1,1,0,72,0,0,0,63,1,0,0,0,0,0.22640796186402992,Low
1,0,1,40,1,0,0,20,0,0,1,0,0,0.04987668075618038,Low
0,0,0,55,1,0,0,73,1,0,0,0,0,0.2099179394353048,Low
0,0,0,72,1,0,1,111,0,1,0,0,0,0.2275143807505648,Low
0,0,1,15,1,1,1,20,1,0,0,0,0,0.2139274852262247,Low
1,0,0,8,1,1,1,44,1,0,0,0,1,0.5297982701095445,Medium
0,0,0,27,1,0,1,102,1,0,0,0,1,0.7410274932621879,High
0,0,0,47,1,0,0,74,1,0,0,0,0,0.2966398833043944,Low
0,0,1,8,1,1,0,20,1,0,0,0,0,0.3019123880645142,Medium
0,0,0,1,1,0,0,69,0,1,0,1,1,0.7817119825634793,High
1,0,0,1,1,0,0,20,1,0,0,0,0,0.42908261339483866,Medium
0,0,0,49,1,0,0,20,1,0,0,0,0,0.059234606726049494,Low
1,0,1,1,1,1,1,20,0,0,1,0,0,0.29444060261761407,Low
1,0,1,72,0,0,1,49,1,0,0,0,0,0.0656690431728677,Low
0,0,0,37,1,1,0,100,0,0,1,0,1,0.5933316515938094,Medium
1,0,1,20,1,0,1,20,1,0,0,0,0,0.15015581501697675,Low
1,0,0,23,1,1,1,75,1,0,0,1,1,0.5855299339014847,Medium
0,0,0,71,1,1,1,24,1,0,0,0,0,0.0212690598943027,Low
0,0,0,12,1,1,1,20,0,1,0,0,0,0.2769002902998509,Low
1,0,1,44,1,0,1,55,1,0,0,0,0,0.13508785006666638,Low
1,0,1,52,1,1,1,25,1,0,0,0,0,0.038715375838227234,Low
1,0,0,1,1,1,1,21,1,0,0,0,0,0.43295305940036766,Medium
0,1,0,42,1,0,0,105,0,0,1,0,1,0.6764063601448379,High
0,0,1,71,1,1,0,20,0,1,0,0,0,0.012420488704101567,Low
1,0,0,2,1,0,0,80,1,0,0,1,1,0.8395430822176538,High
1,0,0,11,1,0,1,20,1,0,0,0,0,0.28707907835462365,Low
1,0,1,64,1,1,0,81,0,0,1,0,0,0.10566942614193602,Low
0,0,0,53,1,0,0,20,1,0,0,0,0,0.048355760359116144,Low
0,1,0,16,1,0,0,59,1,0,0,1,1,0.6967366877299211,High
1,0,0,42,1,0,0,20,0,0,1,0,0,0.06221519822731508,Low
0,0,1,9,1,0,0,20,0,1,0,0,0,0.24546439495854455,Low
1,1,0,4,1,1,0,95,0,1,0,0,1,0.9232933876284939,High
1,0,0,56,1,1,1,53,0,0,1,0,0,0.08439178649166157,Low
1,0,1,67,1,0,0,103,0,1,0,0,0,0.17264080981680135,Low
1,0,0,3,0,0,0,30,1,0,0,0,1,0.6987523615198872,High
0,0,1,72,0,0,1,56,1,0,0,0,0,0.08873801543135261,Low
0,0,0,9,1,1,0,60,1,0,0,0,1,0.6854361729208488,High
1,0,0,1,1,0,0,45,0,0,1,1,1,0.5782785384185829,Medium
1,1,0,15,1,0,0,74,0,0,1,1,1,0.742872746214732,High
1,0,0,64,1,1,1,20,0,1,0,0,0,0.021025934862990803,Low
1,0,0,65,1,0,0,91,1,0,0,0,0,0.20478046631503583,Low
0,1,1,66,1,0,0,111,1,0,0,0,0,0.38660993100683055,Medium
1,0,0,54,1,1,1,90,0,1,0,0,0,0.2732227181363439,Low
1,0,0,27,1,1,1,19,1,0,0,0,0,0.15058784463170402,Low
1,0,0,22,1,0,0,95,1,0,0,1,1,0.7467304524701112,High
1,0,0,25,1,0,0,82,1,0,0,0,1,0.619728536991866,High
1,0,1,68,1,1,1,71,1,0,0,0,0,0.07303695166649879,Low
0,0,1,13,1,1,0,104,1,0,0,0,1,0.8436201429997213,High
1,0,0,1,1,0,1,82,1,0,0,1,1,0.8438202583918321,High
0,0,0,47,1,1,0,106,0,0,1,0,1,0.5102769422152305,Medium
1,0,1,37,1,0,1,93,1,0,0,0,0,0.4455705021796829,Medium
1,0,0,29,1,1,1,86,0,0,1,0,1,0.5398952591349999,Medium
0,0,0,18,1,1,0,50,1,0,0,0,0,0.49102323664286857,Medium
1,1,0,70,0,0,0,45,1,0,0,1,0,0.1519089504616416,Low
1,0,0,53,1,0,1,74,1,0,0,0,0,0.2032063462129792,Low
1,0,0,4,1,1,1,88,1,0,0,1,1,0.8576665206467223,High
0,0,1,8,1,0,0,55,1,0,0,0,1,0.5632730979767068,Medium
1,0,1,72,1,1,1,105,0,0,1,0,0,0.1352920737057007,Low
0,0,1,16,1,0,1,80,1,0,0,0,1,0.6384156988660792,High
0,0,1,71,1,0,1,24,0,1,0,0,0,0.012110862518857289,Low
1,0,0,52,1,1,0,89,0,1,0,0,0,0.3065315526062144,Medium
0,0,0,52,1,0,0,81,1,0,0,0,0,0.28931038917390134,Low
0,0,1,34,1,0,1,116,1,0,0,0,1,0.6899813803920599,High
0,0,0,19,1,0,0,90,1,0,0,1,1,0.7630217484526877,High
0,0,0,1,1,1,0,20,0,1,0,1,0,0.42989798533084594,Medium
1,0,0,1,0,0,0,25,1,0,0,1,1,0.686197885081971,High
1,0,0,72,0,0,0,61,1,0,0,0,0,0.13858433847829948,Low
0,0,0,11,1,0,0,101,0,0,1,1,1,0.8499470518433805,High
0,0,0,72,1,0,0,26,1,0,0,0,0,0.02190935709002305,Low
1,0,0,9,1,1,1,45,1,0,0,1,1,0.5247207885011136,Medium
0,0,1,18,1,1,1,65,1,0,0,0,1,0.5083238342868642,Medium
0,0,0,10,1,0,0,20,0,0,1,0,0,0.2881978690674713,Low
0,1,0,26,1,1,0,85,0,0,1,1,1,0.73122005502492,High
0,0,0,6,1,1,0,55,0,0,1,0,1,0.63273583748559,High
1,0,1,49,1,0,0,60,0,1,0,0,0,0.11596578062048896,Low
0,1,0,5,1,0,0,83,1,0,0,1,1,0.901948851279289,High
0,0,0,19,0,0,0,40,0,1,0,0,1,0.561890180772702,Medium
1,0,1,35,1,0,0,25,1,0,0,0,0,0.09251507599837498,Low
1,0,0,70,1,1,1,79,1,0,0,0,0,0.1149689883427442,Low
1,0,0,1,1,0,0,51,0,0,1,0,1,0.6260044984957556,High
1,0,1,27,1,1,1,56,0,1,0,0,0,0.26849175035158285,Low
0,0,0,29,1,0,1,67,1,0,0,0,0,0.44544839370276484,Medium
1,1,0,32,1,1,0,81,0,0,1,0,1,0.61131304748118,High
1,0,0,10,1,1,0,104,0,0,1,1,1,0.8658309317750942,High
0,1,0,17,1,1,1,21,0,0,1,0,0,0.3248266499415495,Medium
0,0,0,1,1,1,0,45,0,0,1,1,1,0.6176665405340157,High
1,0,0,6,1,1,1,79,1,0,0,0,1,0.8005489423353587,High
0,1,0,8,1,1,0,81,0,0,1,1,1,0.8620910596390277,High
0,0,1,15,1,1,0,105,0,1,0,0,1,0.8101248804688709,High
0,1,0,65,1,0,0,106,1,0,0,0,0,0.4420556234951424,Medium
1,0,1,11,1,1,0,80,0,0,1,1,1,0.6619610581038003,High
1,0,1,30,1,0,1,21,1,0,0,0,0,0.09654729253553612,Low
1,0,0,11,1,0,1,73,0,0,1,0,1,0.6507280710164055,High
0,0,1,42,1,1,0,20,0,1,0,0,0,0.05617978983692055,Low
1,0,0,16,1,1,1,19,1,0,0,0,0,0.24225642784098064,Low
1,1,0,64,1,0,0,80,1,0,0,0,0,0.24292243798278162,Low
1,0,0,10,1,1,1,20,0,0,1,0,0,0.2659969669459471,Low
1,1,0,31,1,0,0,89,0,0,1,0,1,0.6685843752225711,High
0,0,0,25,0,0,0,48,1,0,0,0,1,0.5875140324860968,Medium
1,0,0,7,1,1,1,24,0,0,1,0,0,0.3271113462191569,Medium
1,0,0,71,1,0,1,109,1,0,0,1,0,0.23720404867790532,Low
0,0,0,64,1,0,0,24,1,0,0,0,0,0.03117945133564513,Low
0,0,0,46,1,0,1,94,1,0,0,0,0,0.44200201632299707,Medium
1,1,0,1,1,1,1,95,0,0,1,1,1,0.9235703622899339,High
1,0,1,6,1,1,1,20,0,0,1,0,0,0.241965040963565,Low
0,0,0,57,1,1,1,75,0,1,0,0,0,0.1759211502564352,Low
0,1,0,64,0,0,1,44,0,0,1,0,0,0.16038005462898505,Low
1,0,0,71,1,0,0,99,0,0,1,0,0,0.16219625024952594,Low
0,0,0,49,1,1,0,107,1,0,0,0,1,0.549011948522655,Medium
1,0,0,1,1,1,1,56,0,1,0,0,1,0.6754095854614975,High
1,1,0,38,0,0,0,25,0,0,1,0,0,0.28934231216263956,Low
1,0,0,1,1,0,0,89,0,1,0,1,1,0.8637655759289071,High
0,0,0,1,1,1,0,45,1,0,0,1,1,0.6702236010590638,High
1,0,0,33,1,0,1,93,1,0,0,0,1,0.5835004786444534,Medium
0,0,1,2,1,1,1,81,0,0,1,0,1,0.7673078117317887,High
0,0,0,71,1,1,1,115,1,0,0,0,0,0.30901641522595613,Medium
0,0,0,58,1,1,0,109,1,0,0,1,0,0.4453952620814573,Medium
0,1,0,25,1,0,0,70,0,0,1,0,1,0.6190214872307015,High
0,0,1,69,1,0,0,113,1,0,0,0,0,0.252022443034951,Low
1,1,1,26,1,1,0,106,0,0,1,1,1,0.7797109220939548,High
0,1,0,1,0,0,1,36,0,1,0,1,1,0.8212345684809388,High
1,0,1,70,1,0,0,84,1,0,0,0,0,0.09987040040722615,Low
1,0,0,63,1,0,1,72,1,0,0,0,0,0.12250851776063629,Low
1,0,1,30,1,1,1,64,1,0,0,0,0,0.3237450926540265,Medium
0,0,0,28,0,0,0,36,0,1,0,0,0,0.40937751487106544,Medium
1,0,1,17,1,1,1,67,1,0,0,0,1,0.514982182372876,Medium
0,0,1,14,1,0,0,19,0,0,1,0,0,0.18345229647108438,Low
1,0,0,24,1,0,0,54,0,1,0,0,0,0.36605819481570206,Medium
0,1,0,19,1,0,0,105,1,0,0,0,1,0.9002270886549345,High
0,0,0,2,1,0,1,86,0,0,1,1,1,0.8361896289090338,High
1,0,1,31,0,0,1,25,0,1,0,0,0,0.1953447502649816,Low
1,0,0,12,1,1,1,96,1,0,0,0,1,0.8365907741030776,High
1,0,1,1,1,1,1,46,1,0,0,1,1,0.5547070562339831,Medium
1,0,1,59,1,0,0,77,1,0,0,0,0,0.13685593907711324,Low
0,0,0,55,1,1,1,95,1,0,0,0,0,0.3516654155760952,Medium
1,0,1,70,1,1,0,98,0,0,1,0,0,0.13096978152887548,Low
1,0,1,46,1,1,0,20,0,1,0,0,0,0.041917894734390206,Low
1,0,0,51,1,0,0,95,1,0,0,1,0,0.3838399641823275,Medium
0,0,0,15,1,0,0,59,1,0,0,1,1,0.5874627724258494,Medium
0,0,1,7,0,0,0,30,0,1,0,0,1,0.5543905008252101,Medium
0,1,0,3,1,0,0,79,0,1,0,1,1,0.8841903843900881,High
1,0,0,18,0,0,1,25,1,0,0,0,0,0.4459999605558158,Medium
1,0,1,51,1,0,0,19,0,0,1,0,0,0.027386895025107015,Low
1,0,0,2,1,0,0,20,0,1,0,0,0,0.37758370558673376,Medium
1,0,0,12,1,0,0,82,0,0,1,1,1,0.7222628381662181,High
1,0,0,67,1,1,1,26,1,0,0,0,0,0.025542391512186274,Low
1,0,0,66,1,0,1,114,1,0,0,0,0,0.3243443208677084,Medium
1,0,1,4,1,1,0,24,0,0,1,0,0,0.30707725080016307,Medium
1,0,1,32,1,0,0,91,0,0,1,0,0,0.46043347656931527,Medium
0,0,1,71,1,0,0,99,1,0,0,0,0,0.1597166341192003,Low
1,0,0,66,1,0,1,64,1,0,0,0,0,0.08351104220859651,Low
0,1,0,49,1,0,0,91,0,1,0,1,0,0.4914316960911676,Medium
1,1,0,32,1,0,0,80,1,0,0,1,1,0.6407500422731448,High
0,0,0,53,1,1,1,110,1,0,0,0,0,0.49849758047138976,Medium
1,0,0,60,1,0,1,24,1,0,0,0,0,0.03219253301599957,Low
1,0,1,1,1,1,0,20,0,0,1,0,0,0.31304086161308614,Medium
0,0,1,48,0,0,0,30,1,0,0,0,0,0.13958494499049487,Low
1,0,1,18,1,1,1,20,1,0,0,0,0,0.17427180553434793,Low
1,0,0,52,1,1,0,85,0,0,1,1,0,0.2653695574430747,Low
0,0,0,18,1,1,1,20,0,1,0,0,0,0.21729215088063394,Low
1,0,0,1,1,1,0,51,0,0,1,1,1,0.6423629355616354,High
1,0,0,72,1,1,1,106,1,0,0,0,0,0.22255217797903137,Low
0,0,1,69,1,1,1,93,0,1,0,0,0,0.12668407062074977,Low
0,0,0,3,1,0,0,76,0,1,0,1,1,0.8023582271560095,High
0,0,0,13,0,0,1,49,1,0,0,0,1,0.7195465412651524,High
0,1,0,1,1,1,0,70,0,1,0,1,1,0.8711707430568193,High
0,0,0,1,1,1,0,20,0,1,0,0,0,0.42989798533084594,Medium
1,0,0,29,1,0,0,75,0,0,1,0,0,0.45308840221728525,Medium
0,0,1,71,1,1,1,100,0,0,1,0,0,0.13306841553339502,Low
0,0,1,70,1,1,1,110,1,0,0,0,0,0.22121282927055103,Low
1,0,1,62,1,1,1,20,0,0,1,0,0,0.01561493734594233,Low
1,0,1,59,1,0,0,19,1,0,0,0,0,0.022549893197304636,Low
1,0,0,71,1,0,0,80,1,0,0,0,0,0.11467230454073075,Low
0,0,0,3,1,1,0,20,0,0,1,0,0,0.3873654398501028,Medium
1,0,0,43,1,1,0,101,1,0,0,1,1,0.5561322052547749,Medium
0,0,0,48,1,0,0,75,1,0,0,0,0,0.29240733554027354,Low
0,0,0,68,1,0,1,20,1,0,0,0,0,0.020399264223146578,Low
0,0,1,4,1,0,0,74,1,0,0,1,1,0.7503196877694184,High
0,0,0,33,1,0,0,91,1,0,0,0,1,0.6111357495686162,High
1,0,0,1,1,0,1,44,1,0,0,1,1,0.604450805383972,High
1,0,0,2,1,1,0,95,0,0,1,1,1,0.8801994552729192,High
0,0,0,18,0,0,0,39,1,0,0,1,1,0.6058318261347898,High
0,0,1,23,1,1,1,77,1,0,0,0,1,0.5409287657606221,Medium
0,0,0,26,0,0,1,48,0,1,0,0,1,0.5128730377484697,Medium
0,0,1,72,1,1,1,104,1,0,0,0,0,0.17289820672753212,Low
0,0,0,48,1,0,0,70,1,0,0,0,0,0.25924620454885694,Low
0,1,0,42,1,0,0,74,1,0,0,1,0,0.484154472010552,Medium
0,0,0,9,1,1,0,44,0,1,0,1,1,0.5216138315174028,Medium
1,0,0,72,1,0,0,108,0,0,1,0,0,0.198375817762984,Low
1,0,0,68,1,0,0,25,0,1,0,0,0,0.020401274869893696,Low
0,0,1,47,1,0,0,19,0,1,0,0,0,0.0394240866314531,Low
1,0,1,62,1,1,1,95,1,0,0,0,0,0.19439390711510818,Low
1,1,0,44,0,0,0,30,0,1,0,1,0,0.27187813048877996,Low
0,0,1,15,1,0,0,69,1,0,0,1,1,0.5852829716873605,Medium
1,0,0,58,1,1,0,60,0,0,1,1,0,0.102411025367222,Low
0,0,0,72,1,1,1,85,1,0,0,0,0,0.1352468899265393,Low
1,0,0,16,1,1,1,20,1,0,0,1,0,0.24840924785089144,Low
1,0,0,32,1,1,1,99,1,0,0,0,1,0.6594150680434291,High
0,0,1,3,1,0,0,21,0,1,0,0,0,0.31689250930737395,Medium
1,0,0,2,1,1,1,46,1,0,0,1,1,0.6242036549333853,High
1,0,0,38,1,1,0,20,0,0,1,0,0,0.08106365607933935,Low
0,0,0,25,1,1,1,109,1,0,0,0,1,0.8117899347661074,High
0,0,1,64,1,0,0,20,0,0,1,0,0,0.015671396419200824,Low
0,1,0,4,1,0,0,49,1,0,0,0,1,0.7581789895627697,High
1,0,0,22,1,1,1,101,1,0,0,1,1,0.7795767439180318,High
1,0,0,1,1,0,0,69,0,1,0,1,1,0.7653515812800349,High
1,0,0,9,1,0,1,19,1,0,0,1,0,0.30245434536593824,Medium
0,1,0,37,1,0,0,90,0,1,0,0,1,0.6400874589108969,High
0,1,0,51,1,0,0,78,1,0,0,1,0,0.39821491503519,Medium
0,0,1,55,1,0,1,75,1,0,0,0,0,0.1560059841233308,Low
1,0,1,72,1,1,1,82,0,0,1,0,0,0.06790438884942945,Low
1,1,0,67,1,0,0,84,1,0,0,0,0,0.23783215770981192,Low
1,0,0,35,1,0,0,21,1,0,0,0,0,0.11155899054708976,Low
1,0,0,49,1,0,0,107,1,0,0,0,1,0.5081828656091381,Medium
0,0,1,53,1,0,0,85,1,0,0,0,0,0.2385345247660265,Low
1,0,1,66,1,0,0,66,0,0,1,0,0,0.05667926667187532,Low
0,0,0,10,1,1,0,76,0,0,1,0,1,0.7364240855175731,High
1,0,1,28,1,1,0,106,0,0,1,1,1,0.6513206475096556,High
0,0,0,10,1,1,1,21,1,0,0,0,0,0.341002611224021,Medium
0,0,1,43,1,0,1,25,0,1,0,0,0,0.053793541265209056,Low
1,0,0,26,1,0,1,20,1,0,0,0,0,0.1526869421496189,Low
0,0,0,2,1,0,0,76,1,0,0,1,1,0.8341488049001858,High
0,0,0,5,1,0,0,94,1,0,0,1,1,0.8862218537018158,High
0,0,1,72,1,1,0,67,0,0,1,0,0,0.050381028900701334,Low
0,0,1,67,0,0,0,36,0,1,0,0,0,0.05740845302270636,Low
1,0,1,72,1,0,1,113,1,0,0,0,0,0.1930885648777828,Low
1,0,1,59,1,0,0,20,1,0,0,0,0,0.023294155033162692,Low
1,0,1,38,1,0,1,95,1,0,0,1,0,0.4487503796991467,Medium
1,0,1,4,1,1,1,85,1,0,0,1,1,0.7949483019199094,High
1,0,0,56,1,1,1,65,1,0,0,0,0,0.14732076679890496,Low
0,0,0,1,0,0,1,25,1,0,0,1,1,0.6873705437376979,High
0,0,1,49,1,0,0,25,1,0,0,0,0,0.05019484249491324,Low
1,0,1,29,1,1,1,69,1,0,0,0,0,0.37359149231246735,Medium
1,0,0,55,1,1,1,104,0,1,0,1,0,0.36200712748770436,Medium
1,1,0,43,1,0,0,94,1,0,0,0,1,0.6116481517023853,High
1,1,0,12,1,0,0,80,1,0,0,1,1,0.8389871684860204,High
1,0,0,27,1,1,1,100,0,0,1,0,1,0.6753326208763022,High
0,0,0,18,1,0,1,50,1,0,0,0,0,0.45155136765529574,Medium
0,0,1,72,1,1,1,118,1,0,0,0,0,0.24974914121437922,Low
0,0,1,46,1,1,1,19,1,0,0,0,0,0.047589417288690525,Low
1,0,0,34,1,0,0,101,0,1,0,0,1,0.6169876168719169,High
1,0,0,44,1,0,0,85,0,0,1,0,0,0.34075555594538176,Medium
0,0,0,32,1,0,0,20,1,0,0,0,0,0.13541434631268345,Low
0,0,0,64,1,0,0,19,1,0,0,0,0,0.026532618409666912,Low
0,0,0,2,1,1,1,81,0,0,1,1,1,0.8226634138589083,High
0,0,1,33,1,0,0,24,0,0,1,0,0,0.08742833781426688,Low
1,0,1,50,1,1,0,103,1,0,0,0,0,0.3954139883419214,Medium
1,0,1,4,1,0,0,20,1,0,0,0,0,0.31265529023399563,Medium
0,1,1,34,1,0,0,80,0,1,0,1,1,0.5157179707824123,Medium
0,1,0,66,1,0,0,71,1,0,0,0,0,0.19006108193123672,Low
1,0,0,27,1,0,0,82,1,0,0,0,1,0.5941593927490963,Medium
1,1,0,54,1,0,0,90,0,0,1,0,0,0.3780388506903975,Medium
1,0,0,9,1,0,0,65,0,1,0,0,1,0.6503266674473469,High
0,0,0,25,1,1,1,19,1,0,0,0,0,0.17808662568767897,Low
0,0,0,35,1,0,0,23,1,0,0,0,0,0.1284175923800763,Low
1,0,1,47,1,0,0,87,0,0,1,0,0,0.2505650601841249,Low
1,1,1,38,1,1,1,101,1,0,0,0,1,0.6447698241249443,High
0,1,0,45,1,0,0,86,0,1,0,0,1,0.5034929860785049,Medium
0,0,1,69,1,1,1,64,0,0,1,0,0,0.04911135202589686,Low
1,0,0,33,1,0,0,68,0,0,1,1,0,0.3463199304328572,Medium
0,0,0,29,1,1,0,71,0,1,0,0,0,0.4779476288850157,Medium
0,0,1,14,1,0,0,81,1,0,0,0,1,0.6893130922285075,High
1,0,0,4,1,0,0,20,1,0,0,0,0,0.3902149935097115,Medium
0,0,0,64,1,1,1,110,0,1,0,0,0,0.319455183021618,Medium
1,0,1,24,1,1,0,21,1,0,0,0,0,0.14728321231093927,Low
0,0,0,12,1,1,1,19,1,0,0,0,0,0.30311540845801993,Medium
0,0,0,10,1,0,0,95,0,0,1,1,1,0.8303890674832525,High
0,0,1,72,1,0,1,24,0,0,1,0,0,0.010729234295932772,Low
0,0,0,61,1,0,0,94,1,0,0,0,0,0.2790585990701172,Low
0,0,0,71,1,0,0,80,0,0,1,0,0,0.10156126518009245,Low
0,0,0,62,1,0,0,65,0,1,0,0,0,0.10648681025807799,Low
1,0,0,6,1,0,1,91,1,0,0,1,1,0.8478728724481921,High
0,0,0,1,1,0,0,44,1,0,0,1,1,0.6469002897629462,High
1,0,0,57,1,0,0,103,0,1,0,0,0,0.3341099325588856,Medium
0,0,1,72,1,0,0,117,1,0,0,0,0,0.24680364040058136,Low
0,0,0,9,1,0,1,75,0,1,0,0,1,0.7227743878488637,High
0,0,0,17,1,1,1,20,1,0,0,0,0,0.2559178565176792,Low
0,0,0,48,1,0,0,100,0,1,0,0,0,0.44682893279849395,Medium
0,0,1,24,1,1,1,20,0,1,0,0,0,0.12515761226006356,Low
1,0,0,71,1,0,1,54,1,0,0,0,0,0.047609973251927555,Low
0,0,0,20,1,1,1,19,0,1,0,0,0,0.19435455753233805,Low
0,0,0,38,1,0,0,19,0,1,0,0,0,0.08553689316992671,Low
1,0,1,63,1,1,0,25,0,0,1,0,0,0.019016441066609453,Low
0,0,1,34,0,0,1,61,1,0,0,0,0,0.4685413327239126,Medium
0,0,0,49,1,1,0,84,0,1,0,0,0,0.3255641948377452,Medium
1,0,0,56,1,1,0,76,0,1,0,0,0,0.18803282725437423,Low
1,0,1,66,1,1,1,63,0,1,0,0,0,0.054155051500139474,Low
0,0,1,17,1,0,0,94,0,1,0,1,1,0.7124922636634351,High
1,0,0,48,1,1,1,20,0,1,0,0,0,0.04819631568892911,Low
1,0,0,71,1,0,0,116,1,0,0,0,0,0.2999659109370987,Low
1,0,0,8,1,0,0,20,0,1,0,0,0,0.30545723111330775,Medium
0,0,1,12,1,1,1,20,1,0,0,1,0,0.24221051218016226,Low
1,1,0,21,1,0,0,97,1,0,0,1,1,0.8498271997752941,High
0,1,0,60,1,0,0,116,0,1,0,0,1,0.5515463043811155,Medium
1,0,0,37,1,0,0,94,0,1,0,0,1,0.5208207110572062,Medium
0,0,0,9,1,1,1,69,0,1,0,0,1,0.6962245092261813,High
1,0,1,50,1,0,0,76,1,0,0,0,0,0.19901755532264181,Low
1,0,1,14,1,0,0,65,0,1,0,1,1,0.5027816658188737,Medium
1,1,0,1,1,0,0,75,0,0,1,0,1,0.8634978144478874,High
0,0,0,56,1,0,0,107,1,0,0,0,0,0.4380516180687765,Medium
1,0,1,72,1,1,1,106,0,0,1,0,0,0.1392273775778166,Low
1,1,0,51,0,0,0,29,0,1,0,0,0,0.19883684514412825,Low
0,1,1,24,1,1,0,97,1,0,0,0,1,0.8013975046826052,High
0,0,1,48,1,1,1,103,1,0,0,1,0,0.42263878259410287,Medium
0,0,1,24,1,0,0,20,0,0,1,0,0,0.11962964843721224,Low
0,1,0,40,1,1,1,104,1,0,0,0,1,0.735628520987716,High
1,0,0,52,1,0,1,92,1,0,0,0,0,0.32859209349599255,Medium
0,1,0,35,1,1,0,111,1,0,0,0,1,0.8336891870615167,High
0,0,1,5,1,1,0,24,0,0,1,0,0,0.3156145254922235,Medium
0,0,1,11,1,1,0,21,0,0,1,0,0,0.2323073109574255,Low
0,0,0,2,1,0,0,21,1,0,0,0,0,0.4470637005595588,Medium
1,0,0,26,1,0,0,90,1,0,0,1,1,0.6683346549174861,High
1,1,0,8,1,1,1,70,1,0,0,0,1,0.8198511252805452,High
0,0,1,17,1,0,1,21,1,0,0,0,0,0.19063211213326187,Low
1,1,0,10,1,0,0,92,0,1,0,1,1,0.8803879895199338,High
1,1,0,7,1,0,1,85,0,1,0,1,1,0.8625121115793154,High
0,0,0,1,0,0,0,30,1,0,0,1,1,0.7392351014065817,High
1,0,1,12,1,1,0,74,0,0,1,1,1,0.6032530106838168,High
1,0,0,9,1,1,1,20,1,0,0,0,0,0.3247817026833817,Medium
1,0,0,1,1,1,1,71,1,0,0,1,1,0.8008922773185279,High
0,0,0,59,1,1,1,100,0,1,0,0,0,0.30563784985435494,Medium
1,1,0,69,1,1,0,111,0,0,1,0,0,0.36969715040149076,Medium
0,0,0,29,1,0,0,19,1,0,0,0,0,0.15105743763642138,Low
0,0,1,13,1,1,1,63,0,0,1,0,1,0.5013280712872618,Medium
0,0,1,72,1,0,0,80,1,0,0,0,0,0.08743322433310886,Low
0,0,0,37,1,1,0,65,1,0,0,0,0,0.3644992550350155,Medium
1,0,1,36,1,0,0,25,1,0,0,0,0,0.08811188657010867,Low
0,0,0,66,1,0,0,105,0,1,0,0,0,0.266548853659531,Low
0,1,0,1,1,0,0,75,0,0,1,1,1,0.8741404793366604,High
